,mz,rt,into,maxo,intb
1,118.926816704659,17.1747,42068.4531046875,8999.2041015625,42063.1332646875
2,215.837342156725,47.7272,265644.948109296,33559.6875,248597.003280189
3,222.877643040348,59.1027,127350.181224971,26806.564453125,123547.93057468
4,133.944740772819,56.5509,642824.208168779,45083.65625,504855.86099623
5,83.0246307374296,59.1027,481656.397458826,50428.1328125,291694.04641449
6,365.273971165889,41.37,1533881.84980096,58951.59375,1499975.65909741
7,195.872090166357,38.8623,456121.799635287,45066.0859375,291081.443215926
8,167.960861978127,56.5509,1621621.41717783,66341.9375,1621580.58053267
9,167.960881770688,17.1747,939755.420245248,53997.72265625,939730.887930803
10,328.155621735506,48.9808,1418046.88134406,65489.5546875,1418019.01645834
11,328.155713624676,6.75376,704661.266388516,65156.02734375,704646.778728516
12,328.155738095303,23.6349,931543.01592313,55922.5546875,931523.700315987
13,328.155856840934,65.5616,920205.079337813,60130.59375,920185.802237813
14,364.27084210381,40.1162,10820252.5069162,294162.78125,9914812.31319311
15,342.135022187548,5.30966,164292.969979404,47578.6953125,164288.640784404
16,342.135017538415,79.6338,1193485.10083442,53641.25,1193448.25032727
17,342.134793239926,31.2487,822944.836660854,41832.51953125,822916.969365616
18,342.134853272366,14.4765,468178.723487789,52959.53125,468163.249585971
19,385.695521184623,112.521,115700.89093418,35893.99609375,115695.80053418
20,262.144714279072,117.628,47131.2928246094,10942.7587890625,46102.512829961
21,141.066958210933,155.582,122713.946521334,32676.55859375,108241.205466173
22,409.108166009497,169.517,83660.2992972655,29973.625,83655.2440972655
23,389.877950411196,179.643,118401.029327257,35219.96875,115655.23093534
24,328.155722001134,196.128,1619349.66118892,78872.96875,1619323.08282528
25,328.155646744315,156.882,1239118.50628027,76086.734375,1239096.98853027
26,328.155588051728,130.264,1371552.51796875,79030.09375,1371527.19165296
27,328.155746442732,145.454,680097.972204862,72299.6328125,680085.323315973
28,339.134910929594,189.768,49876.4737601563,13642.68359375,48495.0919679087
29,294.18299595796,203.702,64243.8928933595,16203.4365234375,64238.8096933595
30,451.452321059745,206.251,593420.418294163,121098.21875,592159.323629002
31,491.483328993586,203.702,270733.508142857,44297.46484375,270725.910428572
32,494.502215610717,204.955,80623.7905743002,18175.6953125,80617.4497409669
33,535.546154903777,203.702,259124.581589286,57415.5625,259116.983875
34,577.593161156735,203.702,168014.401502344,43384.8515625,168009.318302344
35,293.179520927413,203.702,991897.12533252,143607.921875,899875.372935059
36,295.138115804328,204.955,95055.0299296875,27002.076171875,95049.9539296875
37,297.153142748358,204.955,275422.420098721,41461.35546875,254909.996490548
38,423.421151616451,204.955,254664.117080078,68200.59375,254657.782080078
39,449.436581639132,204.955,170890.937006836,34582.26953125,170884.602006836
40,452.455634009209,204.955,223862.594798828,42156.0703125,223856.259798828
41,479.483199797893,204.955,214334.037171875,56906.34375,214090.439740583
42,123.045209220994,206.251,152336.060226651,28645.712890625,135657.322752069
43,266.151531129517,206.251,1068851.59489687,182380.15625,1045723.92376766
44,267.143752655259,206.251,268605.11771875,52399.76171875,268597.53371875
45,283.067957232656,206.251,244422.560814942,72467.140625,244416.234981608
46,382.377468815505,206.251,129669.651033692,39694.9375,129663.325200358
47,408.393293537143,206.251,131377.524721517,37469.703125,131371.198888184
48,410.408644853141,207.501,196530.95661582,66988.796875,196525.922215821
49,465.467373049874,206.251,343621.304689209,61068.73046875,343612.464564209
50,239.06744375123,208.749,168264.822875326,52253.84765625,168258.542041992
51,351.326951624379,207.501,223052.705476423,40891.14453125,222441.071408816
52,395.389644832302,207.501,686986.070406641,113641.5703125,681593.004336997
53,407.389596271415,206.251,635913.922239356,109342.8359375,635586.750571935
54,437.437021751919,207.501,316996.665641602,72927.234375,316989.096641602
55,111.045171524563,57.849,1404045.84400684,92014.3359375,1404024.18388184
56,111.045152597105,185.959,1930715.56121841,84743.6328125,1930686.49521841
57,111.045174248905,5.30966,783657.848937934,81522.25,783644.609493489
58,111.045159016313,104.948,1427993.25264446,83006.0546875,1427970.43277387
59,111.045172773926,38.8623,1345186.1903751,85730.734375,1345164.63766885
60,111.0451784703,85.9493,1038444.96745039,67719.5859375,1038427.26165039
61,111.045169925964,146.754,1366254.61818125,88126.2890625,1366234.39844792
62,111.045157130477,168.262,1189752.92777344,104628.828125,1189735.21777344
63,111.045139689754,18.6163,930574.209958274,78763.9921875,930558.696249183
64,111.045154737937,129.008,1072301.75258952,82726.4453125,1072285.24800618
65,249.149651333113,207.501,841067.581344483,157660.234375,841058.762219483
66,294.134935019968,206.251,1074437.33232129,187997.34375,1069506.78066444
67,323.295830713774,208.749,1752112.89791548,296449.90625,1748021.10059785
68,324.299115255959,208.749,334274.429360938,53236.71875,332335.89126836
69,339.326956194274,208.749,1024661.61786754,169477.28125,1021330.97903611
70,340.330225264089,208.749,193252.281075753,40210.703125,193244.754504325
71,368.361758331519,208.749,479886.951920759,94256.3515625,479247.419924804
72,381.203400477708,85.9493,1212798.60834105,102533.8359375,1212783.45932287
73,381.203403127695,127.753,1522154.43981696,99073.6328125,1522135.42838839
74,381.203357490646,198.637,2276555.51752232,104555.4609375,2276527.71895089
75,381.203433355829,13.2214,1403740.31306817,95195.7109375,1403721.92160202
76,381.203382164775,38.8623,1403933.86960818,105225.1953125,1403914.87071532
77,381.203303162464,165.709,1594268.5625558,104119.796875,1594249.59827009
78,381.203435627741,68.1132,1933300.48090306,106073.890625,1933274.81511359
79,381.203458001194,110.01,1357937.51712801,107758.3984375,1357919.76189724
80,381.203442261536,148.009,1699629.3705,103172.7890625,1699607.8485
81,381.373924561754,207.501,681352.508822917,119973.890625,676471.625973267
82,120.996495540322,118.882,3075928.08439145,180310.21875,3075902.75807566
83,120.996489557045,45.1323,2590572.60956181,201049,2590549.85004416
84,120.99649578693,201.147,3458330.68467656,196818.328125,3458299.09467656
85,120.996501592457,21.1259,2644609.123267,180271.265625,2644586.04832583
86,120.99648982035,89.7572,3280847.62876087,201196.65625,3280818.49413814
87,120.996498411856,64.3073,2366829.72492388,167422.734375,2366807.86685513
88,120.996490591208,136.626,2068206.14398214,160167.875,2068187.13041071
89,120.996494785615,160.647,2675795.16912847,159818.90625,2675771.14257292
90,160.076816282142,161.901,11612358.2541858,117096.8046875,11612213.8362858
91,160.07682180616,27.4423,2441943.81743022,97138.125,2441913.82438477
92,160.076813654724,40.1162,1096071.59405047,90849.3515625,1096057.65727047
93,199.170424857682,29.9949,2525284.20796668,96514.21875,2525249.20578975
94,199.17039213612,120.136,2904706.8456598,93340.015625,2904666.32777593
95,199.170412987158,51.4885,2322845.18882194,86010.9765625,2322811.96581394
96,199.170425864933,154.326,1331805.31835798,94137.4453125,1331786.30371512
97,199.170416436453,187.259,978993.936771094,85300.40625,978979.990971094
98,199.170374694957,174.582,1104760.17920052,89089.2109375,1104743.72553385
99,199.170407604522,198.637,1354684.51721863,105136.296875,1354664.32221863
100,326.314832910923,209.995,480068.285815625,91928.640625,480058.212215625
101,353.342775135676,208.749,881086.952812186,138182.765625,878496.967591996
102,365.34263262133,207.501,799035.51539297,119484.765625,799024.15469297
103,367.35830746157,208.749,1914410.23536953,297568.09375,1882123.88012117
104,409.40522175318,207.501,1291865.55068932,152413.046875,1289460.78963407
105,265.147947590858,206.251,9995918.65451668,1356343.875,9995898.50945001
106,265.148010376345,10.7088,6147586.39225637,157205.890625,6147528.56408592
107,265.148012254819,110.01,2566419.2319375,141687.75,2566395.16020417
108,265.147982351927,80.8883,3723477.26769531,136135.65625,3723441.67502865
109,265.147956328144,164.455,4583077.54033938,126029.5625,4583033.26225115
110,258.241487835899,215.014,303342.211909722,83259.9296875,302936.471425006
111,440.860669827691,142.944,3997593.39940191,210169.578125,3997569.32534635
112,440.86063011039,91.0118,3681280.09093985,209352.765625,3681258.57488985
113,440.860735896966,13.2214,2939648.29591125,198791.578125,2939631.16165125
114,440.860609816434,204.955,3646640.14834852,210099.015625,3646617.43934852
115,440.860640069799,108.755,3064996.52218928,206228.5,3064977.510975
116,440.860492646281,126.499,2175866.53354688,180249.40625,2175852.63394688
117,440.860526973854,164.455,3070071.74614955,186836.28125,3070052.78186384
118,440.860678543876,177.134,2375678.85619688,189087.46875,2375664.91039688
119,440.86060749946,63.0531,4496786.92769906,217822.734375,4496760.16487906
120,251.095935642727,213.77,2117147.47918594,438363.90625,2117137.16158594
121,511.473290544251,216.294,279432.740382813,70269.765625,279426.296216146
122,302.242216669953,215.014,1197115.01998648,170108,1195637.41445701
123,325.311430754091,211.239,3572349.42995424,476179.5625,3570289.03941659
124,223.13412973234,218.97,493556.713860677,103397.71875,491129.434956698
125,270.251919418334,216.294,1091148.60549805,247179.25,1080784.75626641
126,273.207346797669,218.97,173452.874367187,42021.94921875,173447.446367187
127,297.279938678272,212.483,2459829.94386523,287254.5625,2459145.95242627
128,240.205271706242,216.294,951170.840660156,148420.796875,951157.809751065
129,257.212296579873,220.216,316946.159008345,62994.234375,314601.480292271
130,287.222954916979,220.216,237013.686820313,62109.9453125,236777.386105469
131,257.175852898361,220.216,390363.8595,62704.18359375,387172.189002325
132,299.259234530489,220.216,842163.855632102,130655.6015625,835654.749298746
133,245.175889209599,223.079,87941.8421146482,21350.09765625,87936.4029146482
134,270.215671077978,218.97,953581.419331053,213053.6875,953569.498831053
135,272.231314396433,224.329,329668.423047461,60187.578125,329332.284169659
136,294.179573569167,223.079,310527.204322102,75402.375,310520.500155436
137,329.269947258298,212.483,4126091.57355542,562786.8125,4121186.73197096
138,681.297049005007,223.079,213636.340145312,54576.265625,213630.900945312
139,283.191592457824,224.329,229789.594871581,47676.19921875,229483.109587812
140,285.270923193011,212.483,6463301.04305391,848263.8125,6456485.17311468
141,301.238594945378,215.014,8324319.34266667,1080929.75,8316000.00710417
142,99.9256111301883,225.579,228847.867709473,45194.1796875,228090.989104748
143,118.992591184157,225.579,115773.257482031,30024.33203125,114059.921455073
144,200.020148515245,220.216,2917600.38251642,559345.0625,2916855.1505458
145,214.189476584755,221.646,1082242.38437402,175417.109375,1082230.48547402
146,242.220799527394,217.539,3361827.27893554,470802.1875,3301435.02649932
147,255.196566207455,225.579,292716.146768554,72536.5390625,292393.339050441
148,293.175832127564,221.646,2401265.27667304,395192.25,2401253.37777304
149,411.420710823777,225.579,182017.896220312,46547.77734375,182012.747420312
150,698.295978863256,223.079,1615386.38372754,244077.9375,1614575.8462456
151,162.982516529879,227.015,191890.498566964,44874.7421875,190132.885380381
152,198.158093386473,223.079,815819.012395021,122684.1171875,815807.109895021
153,239.165403899672,225.579,231078.793786743,46930.34375,230158.331311218
154,311.295679565509,211.239,3890352.46967889,496870.75,3876680.35949171
155,369.373947511858,227.015,198563.746517144,43882.07421875,197794.865442896
156,699.297954707803,224.329,243595.607282227,58635.29296875,243586.377782227
157,257.239852387668,215.014,11616061.0013,1492653,11589195.3108756
158,268.049548565741,228.265,87326.0333021482,30377.59375,87320.7365021482
159,297.243725441171,215.014,3360658.21103027,415392.5,3350394.75456707
160,344.977775274287,229.515,156864.454450521,30828.048828125,156166.964819166
161,141.923772956085,225.579,1275507.09161309,225650.5,1275495.01631309
162,235.064703817405,221.646,2253508.17978515,376147.9375,2250196.41676383
163,286.990023503902,230.764,105803.237481348,16197.7158203125,105369.331858588
164,697.292384625982,223.079,5332621.34972235,599438.625,5325879.09553274
165,211.17049128666,223.079,615657.373453802,88784.3203125,613699.832510232
166,240.132399002674,230.764,85616.7718095703,12136.8681640625,85608.7978095703
167,241.18106621345,224.329,590976.465731746,84700.171875,589057.414293969
168,271.227949706509,224.329,2831688.47018408,356546.84375,2813210.33590613
169,297.047449829328,229.515,373551.333916276,51789.296875,371059.010509875
170,299.026767892051,230.764,96762.3586067711,17780.716796875,96755.8027734377
171,186.158050905657,228.265,978941.728375356,131872.609375,978928.561102628
172,193.054148759935,232.2,127523.248251953,31383.37890625,127516.694085287
173,195.139171899812,230.764,270881.803527995,46360.38671875,269977.010142667
174,267.233103976608,213.77,1428149.50381308,185917.671875,1092137.67396584
175,187.134114466609,230.764,263572.001450817,36970.125,254790.429111775
176,197.154779832611,223.079,6848558.89209465,961416,6846615.74894078
177,215.128983254185,233.633,72662.7396897789,15728.3994140625,72656.1880231122
178,227.165462559687,230.764,495034.039097378,50439.86328125,495018.416811664
179,209.094933056764,230.764,757479.097646484,137198.640625,757467.357146484
180,213.186145735992,221.646,9279802.93966796,1244712,9184760.15971373
181,223.028604033861,234.882,190317.7070625,27614.068359375,188139.66136169
182,235.134056624822,229.515,500886.022033654,71198.28125,500087.689659058
183,254.147992105333,232.2,699878.646635253,110364.296875,699866.906135253
184,269.212393243855,217.539,7277558.7863125,913388,7270146.7400979
185,313.311520184009,233.633,123894.54608789,30003.212890625,123380.016382324
186,143.915641512327,233.633,819715.914563543,171572.390625,538140.118076633
187,200.173793215104,224.329,4227695.37087723,496018.4375,4201466.11418248
188,209.154814737585,230.764,559284.364764648,74222.1953125,556248.541960819
189,228.204969015521,217.539,4087426.97260366,545968.9375,3961065.36215655
190,270.995291313994,233.633,475435.424635743,65485.96484375,475423.853335743
191,271.264268578136,237.377,240175.461770942,43836.0859375,239412.218496392
192,199.043674843496,236.13,481722.944148193,77825.5,481713.722523193
193,213.015388396946,238.624,245947.889419189,64370.27734375,245940.234919189
194,239.129188018442,217.539,1393740.40716357,221472.5,1391077.67365247
195,239.129124834441,230.764,1336953.43646529,191418.203125,1332672.9895842
196,239.201841169695,216.294,7836766.00631861,1054880.25,7756853.24159596
197,251.16521377194,239.872,101978.88884654,27498.232421875,101972.490989397
198,264.160588110712,232.2,367492.38727832,51159.32421875,367477.973611653
199,269.248627905626,213.77,7019732.31728723,762707.875,6163544.36584219
200,327.32716459395,232.2,661640.188073242,78213.2578125,661625.774406575
201,165.040927212452,232.2,1511544.92192188,153454.15625,1460634.79058236
202,165.040898774089,217.539,907347.352099121,138381.390625,881343.091417332
203,239.05975938302,220.216,862674.590749821,107326.265625,860800.02293188
204,239.059805058137,238.624,541646.370037354,72656.875,539801.222286482
205,221.154862053779,239.872,167853.823198242,35435.78125,167846.169448242
206,253.144678941285,230.764,4791691.88034857,646091.75,4790978.03275647
207,269.139660638239,242.55,137519.714281808,34062.50390625,135616.377495669
208,225.186152723803,218.97,1774928.16708142,201660.578125,1702401.81121662
209,250.144980871793,236.13,435508.275895868,54401.44921875,420467.211018532
210,371.162332442928,241.303,183865.249388951,55132.6171875,182790.190310482
211,448.173903634559,239.872,164315.564574777,35257.046875,164307.888003349
212,144.113884955365,242.55,68490.7626736328,15292.3095703125,67522.0970607491
213,177.092137375114,239.872,653055.721718751,73964.234375,596695.14913086
214,220.178996559262,242.55,152069.028099501,32550.66796875,139115.443627496
215,225.149777226091,236.13,513675.537188232,82690.5,509641.934821361
216,244.236287621946,242.55,281348.106835612,57496.8125,281341.681002279
217,285.134186973496,243.839,84342.6033515624,16922.083984375,83100.7314665189
218,285.279923468896,236.13,783800.01677874,88089.0390625,783783.237493025
219,167.144180898817,241.303,199472.352222765,37933.41796875,199462.170000543
220,191.108022039837,243.839,132161.826578776,27662.326171875,130926.966423035
221,172.142498737984,233.633,2767983.90122461,264025.34375,2736666.58389177
222,257.139609120465,243.839,178527.527861049,31043.150390625,177990.022081507
223,99.0813424269076,243.839,286318.346038818,51003.94921875,285924.254569826
224,156.111094700817,239.872,1613668.60763281,207096.515625,1613650.57563281
225,174.004453874044,242.55,1169393.10121786,213685.09375,1169380.41576332
226,187.007103189568,242.55,1581479.86294638,251176.65625,1581467.17749183
227,217.053981692497,246.335,180755.311079427,47122.37890625,180749.032746094
228,241.144702341349,241.303,343105.081875,43734.7890625,339932.993529889
229,213.149747300069,237.377,1500998.63414124,131062.78125,1492787.68132156
230,229.217302117611,245.086,375935.660751728,50612.57421875,375921.664520958
231,242.212744133366,246.335,242880.818898437,48590.79296875,242872.002398437
232,355.168134686614,239.872,1331311.66099336,148744.15625,1331293.76059336
233,385.165815241914,241.303,961885.943273698,111635.8125,961869.445407031
234,385.17859727682,239.872,2457015.42402832,263420,2456996.09746582
235,386.182186827964,239.872,804974.039517463,90113.25,710093.429289982
236,194.08230792878,248.835,226356.83879064,34002.96875,212413.431794888
237,206.163131723749,237.377,2513182.18691406,224225.734375,2507284.25357513
238,212.075272790245,248.835,247792.797641741,41581.37890625,232070.12887049
239,212.137417882495,241.303,2178393.35174177,282474.9375,2177524.74586725
240,235.170423450679,237.377,1043635.69076786,110047.8203125,894604.220636362
241,265.108220699553,242.55,1077146.65223841,111828.6484375,1075892.74608573
242,286.238828753525,246.335,601740.402875,74201.40625,601728.923375
243,329.159780040764,248.835,220956.318729297,33238.72265625,199298.71012786
244,158.12676717465,239.872,5015576.41847323,489563.46875,4971803.03185012
245,183.139075391635,227.015,2087591.07906027,204659.953125,2086529.26394353
246,199.134141800761,242.55,1024207.81855607,82283.7578125,1017700.5436204
247,208.098018083341,247.585,664199.9716875,79760.4609375,642296.404499522
248,225.113450390901,251.379,323334.37748125,39978.3046875,321271.466256919
249,333.077172249882,247.585,338791.736705217,37534.9453125,335850.875381547
250,197.118424642813,239.872,760297.842141406,92490.421875,759605.80787082
251,197.1184269548,251.379,457349.176773632,72175.671875,456732.278586332
252,202.189483560015,253.918,81485.6855820312,18076.91796875,81480.6199820312
253,243.23292416435,242.55,2269841.4075548,247247.4375,2269102.05718825
254,401.160656979261,247.585,696518.248038461,77257.2109375,696502.976653846
255,417.203061450552,243.839,393385.900299219,37366.85546875,383863.316431809
256,169.12343928709,233.633,1455420.31844081,164413.34375,1455403.34744081
257,169.123469529415,251.379,462906.274723387,71977.0390625,462891.157723388
258,237.080444858374,233.633,742761.152937575,69939.546875,742744.181937575
259,237.08046398284,250.084,648097.222238768,66381.4140625,648082.105238768
260,145.111982274015,253.918,308494.322872558,49030.4453125,307383.970865417
261,145.114497072413,253.918,175249.090816406,27805.26953125,174233.348916382
262,211.097747579632,245.086,242397.514504395,39276.08203125,214224.279406782
263,214.051157062344,250.084,1325790.23751255,182422.625,1325773.88165541
264,227.129005847189,238.624,1339939.09809375,135521.15625,1336774.90262988
265,125.097201377231,253.918,304293.867693708,49034.1015625,298757.732597835
266,201.186192650037,252.627,1552683.43077604,175821.34375,1551986.83280566
267,289.087046284396,257.667,206437.456013114,35685.7109375,206429.881441685
268,185.154741804014,227.015,8928302.92596146,1088538.5,8820342.31544959
269,187.170497560725,256.416,569853.331387073,80497.65625,569840.675023436
270,418.158951970881,255.167,408387.251618372,51056.8359375,408372.105046944
271,158.911862308509,262.755,54072.9493316407,13937.9697265625,54067.8765316407
272,193.050685817067,258.917,213397.225439979,33712.16015625,191437.620037231
273,196.097977220908,261.462,164361.534155436,39973.0625,161283.770799097
274,201.113484634733,255.167,609018.482052246,55227.58984375,539812.764679396
275,205.159831848237,237.377,16843370.2524173,1667809,16760955.7111492
276,243.123695642571,258.917,253785.008555205,40254.07421875,251815.22915537
277,196.025294634902,261.462,240208.454460721,43110.890625,240199.628238499
278,242.176349067374,253.918,955140.663800415,127137.546875,955121.750675415
279,179.071479730399,257.667,397032.46874135,62237.87890625,396451.216976953
280,409.108379037002,257.667,696254.197669921,66083.015625,680907.332296213
281,417.155785281641,255.167,2541899.18988715,195769.515625,2541877.77460938
282,95.0499831781767,265.258,152650.624451848,33158.55078125,147563.774597931
283,149.097184294329,256.416,805700.158447111,71272.2578125,649310.307786397
284,151.076506454349,265.258,75064.0042407226,15802.1513671875,73352.1339404169
285,165.040926712507,257.667,1325044.80036305,172206.828125,1289984.89338623
286,213.963937626126,265.258,97001.0860666503,29913.552734375,96994.7918999837
287,243.160109331992,266.509,97741.4216012695,29258.224609375,96892.353632247
288,113.988939897725,266.509,110328.782850952,27890.251953125,102105.24199268
289,156.07483073059,264.006,204680.781625537,35195.94921875,204304.851427795
290,211.134076084749,241.303,17795966.662232,2206783.75,17787024.785455
291,109.029451024966,264.006,275978.407042643,31860.2109375,226301.957937571
292,172.991584017666,266.509,216423.317496949,40258.1328125,216414.478246949
293,182.046031102139,266.509,215203.729573828,40491.0859375,196826.099470313
294,185.118384942998,257.667,1304061.21550661,82673.390625,1207385.58921531
295,217.108134551238,267.761,93988.9500417484,15658.0048828125,93661.121146768
296,163.076568898847,264.006,922546.316764323,97204.96875,920902.08702102
297,228.160644095342,267.761,125735.828760132,29980.3046875,125328.476531937
298,144.111123699988,253.918,7956720.48855809,796058.5,7875132.70055513
299,241.108278736638,266.509,875316.723766493,78497.8359375,823902.393418819
300,121.065893227685,270.268,866369.682221279,101407.5234375,858174.96702842
301,130.09543951024,265.258,3283363.24991992,228528.34375,3274690.38891792
302,173.118367692278,248.835,525535.627402565,42651.83203125,498815.327951834
303,173.118304794502,270.268,369832.698888972,35610.5078125,351304.99989502
304,479.357219449458,276.621,44022.6988769534,10911.5029296875,44017.6868769534
305,159.13909992817,270.268,1884009.55351244,280685.78125,1883396.9318083
306,169.087133852943,272.862,1162675.49061896,101601.3515625,1076873.77276777
307,169.087125823531,251.379,983060.944140625,68434.328125,892017.839261379
308,155.107829154677,238.624,16529500.828457,2081550.625,16512198.2046223
309,93.0011371525859,280.379,53564.9384589842,10817.654296875,52494.4587569666
310,146.126807068191,279.125,168778.103572998,33992.59375,167915.88410305
311,187.097704589875,264.006,743271.47111876,64441.00390625,671317.802506231
312,191.12906229643,281.675,182381.302998047,31145.80859375,178819.259443359
313,231.113943696384,277.873,1067666.37433414,123028.3671875,1067651.17679568
314,145.087071942377,276.621,862483.094493838,57391.71484375,743163.884231237
315,193.050670651853,280.379,501645.711234976,78960.9765625,467493.776960605
316,237.043916227776,284.224,185845.6583125,29250.41796875,185836.8103125
317,130.095521457471,286.732,68834.6526633523,12171.4326171875,66955.5871783844
318,137.024449503344,280.379,490775.105783495,73500.828125,352022.983778822
319,141.092149375077,248.835,2022549.08453125,141655.203125,1970607.8668253
320,149.060790647951,280.379,1209623.06244078,102973.0078125,1188481.28776338
321,199.097696791451,279.125,1371346.89222452,62050.94921875,1202594.24662625
322,135.003317146727,290.491,248421.545872515,42175.55078125,248410.047145242
323,139.02312150261,291.787,119655.700313232,27116.7109375,119133.282733244
324,175.13401892216,291.787,158674.567206787,33361.234375,158011.14426638
325,188.986517405862,294.336,60377.2096191409,16310.2177734375,60371.9816191409
326,126.995621309832,294.336,123796.803393311,27254.8515625,123787.797018311
327,133.006200025177,291.787,1051152.46568311,148083.53125,1051138.43518311
328,127.076486731273,267.761,2532917.96742411,169411.390625,2297675.33892222
329,202.087610269146,293.082,334019.640835368,52511.54296875,333500.992729158
330,155.071432333761,262.755,3592264.71738957,225573.625,3369874.47148657
331,145.123429464106,279.125,3520203.37995864,357512.90625,3123881.89545218
332,103.753278490388,303.325,48948.3441375003,10901.0244140625,48943.1569375003
333,131.071381346193,295.588,771497.765457032,70534.5625,650384.116056539
334,198.00446219006,303.325,142774.055985491,32263.66015625,142766.353699777
335,91.0549210306687,303.325,115598.114082764,20243.91015625,115589.155832764
336,107.05019053819,282.972,808781.937260741,99849.6796875,690669.03398542
337,154.998711160386,305.826,53816.5241552734,13255.1123046875,53811.3681552734
338,137.049415202969,303.325,553289.325740724,63277.1953125,551132.613450273
339,137.051859771535,303.325,465196.790636231,69937.296875,465181.412636231
340,116.079803390911,284.224,5312117.14230507,275019.84375,5250316.44038129
341,240.026437667442,309.77,97540.010280552,16309.1845703125,97532.2985662663
342,214.059191824858,308.516,139178.366590429,16842.07421875,136876.237139763
343,136.048483207378,303.325,15183691.7333092,1486677,15140295.7257913
344,183.102697187553,302.033,1236448.47222157,59677.4453125,1150852.04274363
345,192.066697377544,311.023,188554.736824218,51168.55078125,178640.689818516
346,173.08193630007,298.278,1179594.19076982,85721.7734375,1116924.15486762
347,353.049115260775,313.573,838183.748700864,84762.09375,838163.406806127
348,159.102705829692,303.325,2015728.59612374,195467.21875,1968117.26001085
349,161.11847697116,317.376,136989.650263183,26012.41015625,136979.546263183
350,202.043944701871,319.883,92728.9605177872,24175.1953125,92721.3670892158
351,213.055821319174,307.264,2167660.53885151,199728.296875,2167636.24385151
352,149.02444271995,317.376,449293.400891112,60936.01953125,449280.750891112
353,133.087077488801,318.629,400487.946158855,44153.5625,400470.240825521
354,137.060809778417,318.629,538442.338923549,42399.109375,447442.579678614
355,103.064949237538,337.598,77618.8499978571,14948.1298828125,77018.3442911353
356,201.040638021968,321.137,1427487.4071752,160913.28125,1267151.66995373
357,179.011614135313,333.796,585614.971458985,48071.96875,585597.306258985
358,192.066751020192,337.598,184267.045388868,30966.591796875,175326.721075586
359,113.060834107131,264.006,2492855.17071,158865.140625,2284638.45593772
360,149.000904561167,333.796,3797712.03751207,256247.75,3797684.20551207
361,102.064016840563,336.345,2124860.58635449,208139.703125,2112516.95881677
362,102.064010450433,317.376,630116.735764322,62266.8671875,620674.380226623
363,103.07630290823,348.969,537713.466778905,51316.9921875,537167.294525939
364,125.02439892698,351.478,565226.650477679,83450.671875,442469.650372977
365,139.004432420139,352.776,56162.0316194662,12014.6845703125,56155.6899527996
366,156.038448918833,350.223,688203.865933595,80828,426834.998823893
367,122.032892745083,354.029,1030229.35204743,282738.34375,981512.142247181
368,178.051041963958,354.029,666313.654167619,172896.5625,644244.188371979
369,230.013063454075,359.086,156645.793256348,45314.56640625,156639.457423015
370,263.10381473571,359.086,234552.511438867,41545.921875,233055.60835385
371,136.999280499146,364.138,105043.294216308,27488.455078125,105035.704216308
372,194.045892185892,364.138,331997.222662516,55531.4609375,330623.40281382
373,131.071370179232,369.194,819693.993555106,49803.078125,663639.606154098
374,142.014630420115,372.995,57373.3277680662,11130.0771484375,57366.9927680662
375,119.976088099941,380.553,61994.4436864539,14893.1953125,61988.1501150254
376,99.0085804215923,371.7,2068454.85896232,238444.90625,1911279.76271646
377,97.0292857256458,313.573,1244528.47290283,134454.203125,899740.86807361
378,130.059015539528,378.048,582679.793322245,72421.6953125,541808.676618735
379,133.050654144339,375.5,332281.307804739,44811.07421875,291298.568825772
380,226.080219968782,391.915,55071.6859756556,10059.052734375,54146.5946724942
381,76.0115714036425,380.553,637629.199517324,61891.80859375,558420.995796857
382,88.0481375354481,389.409,552061.504865765,73241.3515625,542828.43054832
383,117.055749431666,375.5,1728931.13444434,213942.296875,1450569.59650892
384,208.065025382684,388.156,1500347.92591351,205579.984375,1500331.47812779
385,86.0324376557626,397.013,445428.381015276,74689.28125,441017.969665806
386,231.087577171946,408.371,112096.019386719,27781.521484375,98716.8246647573
387,241.082964052328,407.118,1084562.65634619,149726.390625,1079379.98214607
388,180.030346015841,414.676,83676.8046549482,19102.849609375,82624.3382569815
389,171.102768990956,261.462,7122891.80570614,296070.53125,6102580.30608163
390,116.043470374198,420.979,92857.6813917647,15702.7138671875,90424.9212486423
391,109.051940168832,413.424,757395.523640624,79363.9375,523820.254804999
392,163.040167045203,432.334,946851.218119066,169763.5,929017.651338357
393,74.0322849519827,439.926,139968.281803439,28930.72265625,139530.864614363
394,180.033703585279,271.564,1636008.76403546,147792.875,1468907.32832909
395,169.069966958863,437.423,216581.716313037,49716.609375,216570.339413037
396,119.071385997761,442.43,136660.676672433,42061.13671875,136653.094386719
397,186.040870351855,443.723,145150.384994141,33904.19140625,144398.282284347
398,164.002436695625,443.723,760865.424186433,118862.359375,758125.684729052
399,227.067578412833,447.521,634090.940025585,89911.328125,632807.053007648
400,120.996505161123,271.564,2032998.24573829,225377.625,1665962.36348155
401,328.045507616457,465.163,122283.946687501,38996.87109375,122277.624187501
402,170.082344310617,379.3,2645877.43396484,191285.671875,2378158.04069562
403,170.082338870669,391.915,1901127.82399553,165123.046875,1664597.68261898
404,111.020007564051,447.521,1998204.22340137,255679.59375,1741433.63571706
405,150.017337018002,487.886,134481.611554687,30587.619140625,129352.652927203
406,152.002289513111,487.886,88910.1331538084,25219.0546875,88903.8406538085
407,156.963467666898,487.886,61618.3838825683,12607.990234375,61612.0913825683
408,207.865437673614,29.9949,23109029.8491226,211131.703125,22813011.9340036
409,207.865498702192,215.014,4125644.66788879,227452.921875,4074489.89177832
410,207.865450937343,376.796,16788292.621854,189301.84375,16463980.2252352
411,207.865430861127,174.582,3737096.73317647,198778.859375,3686814.13933456
412,207.865438374405,193.575,3342498.40331458,188330.265625,3297746.5068123
413,207.865431495926,233.633,3110234.37432692,221882.703125,3069872.90625148
414,207.86543646696,266.509,3157828.19546485,184643.828125,3110402.57013453
415,155.00990291704,494.181,2293314.35079492,391609.78125,2293299.05356415
416,381.879434856011,500.479,151385.392073405,30277.681640625,145339.178524239
417,129.038746568712,487.886,493888.932489483,65491.8125,397303.953606699
418,283.801287873445,432.334,1528130.50112079,265727.96875,1393065.48379701
419,243.062306755435,503.207,482313.280937057,63846.625,482300.39457342
420,401.871363280938,509.65,150597.183951823,26673.68359375,142242.083745243
421,159.886841983723,509.65,113494.058176758,33643.7265625,113487.614843425
422,146.965997297153,508.4,1728512.91520642,245914.28125,1695279.09651049
423,187.097697907746,499.229,646849.760602252,55364.49609375,523821.604487733
424,611.957331696549,519.88,47512.4126443362,11709.0576171875,47507.2598443362
425,124.99140092444,517.379,522365.407242189,92803.6484375,522355.164575522
426,134.047289669142,500.479,1688155.90699288,194369.203125,1421546.96519802
427,134.047276858029,473.999,808219.207835012,62498.45703125,521234.36558771
428,267.073261570535,528.903,84310.0727156245,24918.044921875,84304.9215156245
429,227.20180667193,217.539,29298183.861275,3760952.5,28513467.3073919
430,149.045506867857,537.886,275897.183709473,42540.01953125,248675.381584259
431,284.267623324242,212.483,69434869.1549633,7908201.5,69167156.9791894
432,151.02613905091,541.635,297881.738663412,50642.95703125,297443.395094137
433,290.088537226298,542.885,90701.1517083981,26948.353515625,90696.1509083981
434,256.236417609149,215.014,154271127.206078,19400822,153406598.153945
435,285.7995727044,136.626,6224503.21523438,259357.34375,6035844.05587064
436,101.98071737411,508.4,1462574.32227539,123590.8828125,997254.751993935
437,287.052047953764,551.718,224793.944768975,44683.85546875,224786.409626117
438,116.007051444761,554.217,140860.719669643,45355.38671875,140853.149383928
439,154.037057850267,563.048,119867.906076782,24884.775390625,119859.087826782
440,191.056174345607,559.299,1019257.79462454,85321.9140625,809845.892525934
441,112.051649496808,500.479,1275018.11775414,159043.65625,1030205.9198276
442,143.071364747562,348.969,1917985.36069885,222614.09375,1486464.29923004
443,97.0656481186051,576.925,155644.308905831,23457.6796875,141773.876330277
444,311.891831456571,583.211,231087.604862215,39329.8046875,221095.088064138
445,100.00385143026,447.521,1322797.69761061,142645.96875,1088969.51527081
446,141.055788466296,578.212,479834.315085877,50886.7265625,321079.230254686
447,135.029951102436,552.968,1780992.0346483,183051.1875,1632470.30533094
448,227.793606763994,604.611,690895.88878153,68235.5546875,690879.487424387
449,227.793584506995,554.217,653340.528744791,55746.48046875,653324.147661457
450,227.79360793373,568.127,526060.338264204,44484.92578125,526045.248809659
451,227.793530666302,587.002,703240.456561341,61412.51171875,703220.303561341
452,111.019993447275,494.181,2126595.22167609,217627.5,1759382.99140029
453,136.863268113808,604.611,8738106.25505236,244460.265625,8738045.75315762
454,136.863252650372,563.048,3356180.55281251,191529.59375,3356159.13281251
455,151.061221504226,590.787,313378.90016748,52858.45703125,311770.684457414
456,188.056506351483,585.709,720050.572204633,89621.421875,558644.794031488
457,174.077164116623,594.535,127927.038648438,25768.96875,118530.290621041
458,99.0449581525916,267.761,3935348.03739746,344863.875,3519761.61722548
459,99.0449571499763,359.086,3725141.41267701,409098.25,3309164.21046091
460,99.0449549642321,243.839,2719423.45132148,144721.515625,2201793.79766492
461,177.040588712868,541.635,621163.270574057,44048.6015625,556187.546985276
462,165.040501552198,587.002,1330192.0907948,134952.1875,1201829.15275368
463,196.054411984895,595.784,460989.001439303,59058.90625,457410.825171818
464,114.019662501113,356.579,851792.84657578,91912.421875,507592.822940805
465,166.022706925467,597.078,1098231.03570556,175286.234375,1097238.22184155
466,203.868988028104,21.1259,32097528.6442591,1006434.9375,31711371.2459586
467,203.868971865274,220.216,28043312.2994792,970464.375,27684989.7149573
468,203.868980800456,380.553,16392685.0247039,735017.1875,16114274.1467567
469,203.868988146863,146.754,30727511.4907388,947754.9375,30322480.0321633
470,203.868988482566,300.78,21970077.7510924,803677.1875,21631727.0563299
471,203.868988165299,110.01,15890879.9940982,895343.5625,15681150.4658125
472,217.030004824008,607.156,100210.867000586,15517.4541015625,99829.5512147441
473,286.91184711414,605.862,370122.984126051,54068.66796875,317435.954988941
474,205.867208010109,11.9647,89386114.402595,879149.5,88374272.3500011
475,205.867205482921,213.77,115350017.858591,985660.375,113954097.289043
476,205.867212034122,302.033,20927348.2804575,693968.4375,20628950.2470481
477,205.867210005093,337.598,10476872.6185521,693996.5,10329062.3499182
478,205.867214940677,400.771,13469391.4637584,548002.5,13162841.4720009
479,205.867214210462,351.478,10536316.7739219,687483.25,10388428.5514249
480,215.032931539532,607.156,718736.36856312,114349.546875,718723.793108574
481,242.051997516878,610.946,65031.1697508143,14731.6806640625,65024.8855841476
482,425.845993220649,612.198,90520.8959960938,45576.59765625,90515.8959960938
483,127.040083356721,399.518,2617379.65159717,269810.21875,2179934.77247141
484,185.0819971164,266.509,2887674.96362723,162372.65625,2458587.19020057
485,181.071922064838,617.242,1846635.62494382,230334.921875,1809156.45057003
486,210.931757180732,605.862,1021514.60408057,87138.609375,814693.805700433
487,128.071704923265,627.335,68980.453953993,14121.6083984375,64413.4174247963
488,187.108979908503,629.877,140785.223261719,29445.12109375,140777.654261719
489,285.799826695714,634.881,65045.1578170171,15218.98046875,62611.4474624028
490,206.929052848677,634.881,337862.687513327,30786.982421875,276222.02798777
491,78.91838423741,628.627,530815.971588462,53742.01953125,324773.416138608
492,145.061875028681,634.881,591959.393836115,93600.5234375,587383.319168674
493,336.872393472154,639.969,56433.3126453125,13478.5947265625,55702.2798734724
494,281.248745058605,212.483,6079296.30051701,508442.6875,5622337.95402271
495,104.006871888033,643.724,57655.901304296,12434.0087890625,57650.859704296
496,131.046194450197,639.969,384195.332111328,54851.34375,364161.100674683
497,124.007364963307,642.473,343738.58370879,52246.83203125,342926.372127403
498,341.10897440229,638.718,342417.296119793,45601.9375,325534.3557473
499,175.96198322367,646.271,51076.459667187,12509.4267578125,51071.384467187
500,176.817386742001,626.085,1780840.94421164,67328.421875,1263056.36191646
501,241.217469403468,217.539,19385313.996289,2353419,18880808.8193821
502,134.017670879777,648.817,280469.904522311,53371.53125,280106.869969173
503,72.9925272718979,447.521,1636697.05597956,174706.75,1349165.27840252
504,167.997316652538,647.522,836267.675051186,145415.71875,836253.791217853
505,195.051066270812,595.784,8294456.60975001,997556.8125,8156525.25549166
506,179.056238030114,565.549,1943372.99057129,86616.25,1552182.68902311
507,179.056189206598,643.724,1078760.60571336,53163.703125,897035.425458406
508,179.056187413849,609.696,825542.549999998,62183.859375,708987.163253905
509,174.088475406825,656.366,234730.888589601,37987.9921875,232362.073332406
510,199.170454056404,224.329,33441971.4265,4088300.75,32865529.4955025
511,135.04520373405,303.325,169164321.266208,16679467,168872390.970414
512,135.045200763613,245.086,6657463.31590135,273997.28125,5952029.39385781
513,135.045226702728,329.993,9811480.06841975,661689.125,9463431.22806527
514,312.900296683371,667.757,98731.2405238275,33481.03125,98726.1661238275
515,132.030238994162,618.533,1313264.57738745,97183.2578125,1121437.83881992
516,193.035389371851,661.413,6423536.40177626,312054.53125,6406539.06554593
517,134.864723577338,676.56,816453.582187489,186479.5,798427.606257662
518,154.062253125513,636.175,2372820.92713553,116997.7890625,2135876.88101342
519,166.975113027374,685.369,235201.87747754,37438.0234375,234915.274593171
520,225.79601886712,604.611,11116613.9532087,258760.078125,8389330.37921925
521,168.066654240874,437.423,4028022.45661661,447049.75,3677743.65459248
522,103.003547843052,643.724,6048965.790375,775897.0625,5786441.68034322
523,205.035477922672,686.664,508034.739882353,46339.76171875,422161.339397978
524,174.012528704156,699.319,323906.798210936,64820.19140625,323676.265938811
525,370.869431631436,704.328,595263.663722656,76154.1015625,567178.816151001
526,98.9556974561861,706.875,172624.920776367,28933.6640625,172220.646286296
527,173.009139884401,699.319,5137264.21718647,770181.25,5120509.12993475
528,264.898678123789,708.171,70900.7126191407,14886.8974609375,70600.8719857048
529,158.934620839367,709.423,154661.922504464,33151.78125,154655.596075892
530,207.83012873944,365.391,5537396.63002206,314822.59375,4693782.94027638
531,88.9876608816758,705.58,1036727.19458195,56846.9921875,946366.347842923
532,118.942037664195,706.875,743735.285060485,75602.640625,735608.874580139
533,111.008771869857,699.319,563225.720854353,77659.8984375,345698.725688337
534,85.0120371278612,665.169,830230.247466211,45678.52734375,521844.089595117
535,158.00950541717,701.823,1314480.5022065,87773.40625,1261269.81029359
536,312.900500074014,723.3,160170.85298955,28706.306640625,142827.539960347
537,98.9666451868033,604.611,1182515.47856689,90914.6953125,874463.8755828
538,223.798365139513,604.611,13229568.3125111,436924.40625,10997548.6878531
539,292.891605342769,653.821,1302135.2894056,110280.1015625,1273640.91225643
540,240.87108464212,756.552,61774.6635328126,13136.748046875,61769.6099328126
541,290.902702237096,760.317,83096.424300648,14341.46484375,78666.5928393895
542,221.80060622058,477.798,32204886.8620519,297965.8125,31653992.0929683
543,221.80060606066,604.611,10171177.9280833,326423.34375,9945519.47434613
544,209.009280592861,765.38,65510.2918539059,14909.2978515625,65505.2022539059
545,358.900441424792,770.447,73915.3562562498,23416.13671875,73910.2978562497
546,183.913282795203,774.258,47221.9890000974,12591.962890625,47216.8954000974
547,132.86788309514,213.77,17432815.7046196,279222.1875,17325102.3143468
548,132.867879471389,472.748,49047336.4366747,668036.625,48951894.0969224
549,132.867879535921,605.862,13878190.9374453,914420.25,13858725.8551367
550,132.867879729477,716.987,8775332.8311116,252515.859375,8733799.36152538
551,132.867875021031,547.968,38945302.9611524,688781.0625,38886470.7634801
552,132.867859168497,307.264,4340017.18610369,202011.3125,4313289.31109617
553,132.867879949154,378.048,4510255.19546876,252933.84375,4490740.8809048
554,132.867866258962,669.008,5512672.90635712,321728.84375,5495493.45320499
555,132.86787489312,756.552,1542559.12721094,126233.6875,1528745.47625842
556,132.867865744853,115.075,2788448.46000234,136162.671875,2764257.39916989
557,132.867891040029,326.234,5227841.95238582,209294.453125,5196848.98306662
558,132.86786165723,773.002,904151.777411461,94011.671875,892655.544179911
559,132.867868027091,21.1259,1530224.19249411,91436.2890625,1509072.51005046
560,132.867882857919,137.881,1955974.48013582,149486.15625,1939883.01508659
561,132.867887348838,360.338,3027768.64305408,212665.4375,3011660.54448266
562,132.867875757169,680.358,3865430.4505966,318701.21875,3851607.87929834
563,205.832443438244,465.163,14811488.2974904,912064,14726818.8355337
564,205.832441021889,303.325,34945849.8304,629794.5625,34635059.847242
565,205.832441750164,636.175,9969236.28280861,517230.3125,9866303.33681836
566,205.832475948388,193.575,8200186.77455357,501430.9375,8109172.04461623
567,205.832433549503,560.548,25275799.538,648687.8125,25052294.3286013
568,205.832444941614,376.796,15689525.1235417,713404.75,15574199.9954838
569,205.832438354231,71.8761,9284327.13507448,435482.09375,9167391.55859982
570,205.832443850504,151.773,16951595.9790121,477315.15625,16757346.294636
571,205.832430458574,422.231,18368162.2608947,827013.625,18247099.4089369
572,205.832415540576,513.441,24449364.761945,831277.5625,24288761.6024225
573,205.832436067521,614.697,9391586.98179376,578045.25,9294695.47702304
574,205.832430518406,692.97,6698507.61654998,373048.5,6601452.29669221
575,205.832450574714,177.134,8006105.16205358,485923.78125,7914884.74911073
576,205.832455677947,541.635,12569332.81125,727029.25,12477742.1688972
577,205.832441027608,241.303,6124837.59221875,480087.75,6057775.95093187
578,115.003673450808,554.217,5413726.31820778,709042.5625,4899570.14343322
579,115.003668490732,651.319,1263756.33330798,116558.2265625,748784.07810126
580,203.834454031864,116.373,10707088.123375,485885.5,10572540.2053771
581,203.834443519721,460.119,64302195.7424175,820701.1875,63816552.9645247
582,203.834421480933,706.875,1463624.32387499,317522.6875,1437688.40035509
583,203.834444913108,303.325,19301640.9225991,640561.625,19107917.3979149
584,203.834434871447,615.948,11239890.0023984,504154.625,11105613.1360603
585,203.83442838344,204.955,7198741.74299038,448182.625,7109296.05803073
586,203.834459516481,78.3798,15773042.9927451,434640.46875,15560170.3984226
587,203.834452137645,262.755,12481979.6390327,513714.9375,12341490.2532274
588,203.834431629393,513.441,21350225.3904844,779769.4375,21188141.6861589
589,203.834428689019,581.96,12205950.2264437,554854.5,12072279.2402862
590,203.834454255609,140.39,7630163.63789061,448475.6875,7533928.90995891
591,203.834440763259,544.137,11674956.8363839,683256.25,11578385.8698987
592,203.834408703631,736.161,4093222.11885216,289266.5,4002075.71759613
593,203.834465854367,48.9808,5107462.53470284,380398.09375,5030321.79832693
594,203.834456984402,328.74,16554825.3702084,608448.5625,16394855.9616258
595,203.83444899436,647.522,6233969.11256817,466331.8125,6157481.05368003
596,203.834424106665,694.221,5890060.19530803,363811.28125,5794031.54907041
597,203.83444648208,23.6349,8595716.74760262,363969.8125,8457857.53497566
598,203.834436053966,492.93,14464410.1855,797487.1875,14361406.1680318
599,203.834443734776,473.999,13418472.9960865,820431.4375,13329179.9395124
600,203.834436443807,561.799,11271917.0415209,633716.8125,11169820.0727441
601,116.934496515865,6.75376,44937648.2684797,2176733,44072245.873667
602,116.934509190239,213.77,54124227.352,2333056.25,53026240.7560397
603,216.830454950813,380.553,7501596.03679689,394388.25,7205802.95164046
604,216.830443582827,604.611,4252930.11232031,261615.640625,3957883.27734163
605,216.830452880463,444.974,6871945.30510713,421749.03125,6611543.46355056
606,133.014270275181,650.068,8254178.10740771,1017731.25,7958576.12107059
607,214.83286163837,394.462,112035737.358646,1033482.4375,106067452.124473
608,214.832860931411,603.362,41352370.0376411,645357.5625,37483479.7938772
609,351.860449136385,816.377,1789596.4517844,53905.31640625,1653741.82247441
610,118.051015270632,621.035,2194178.87940234,158587.6875,1798131.64507742
611,144.91583166227,830.324,106882.602121875,25623.625,96626.6753408202
612,198.865118167763,11.9647,12583018.5049141,354794.3125,11783632.8066743
613,198.865108553844,213.77,7017737.39653551,351927.375,6461254.30573764
614,134.894703982107,835.347,428102.379239745,37882.7734375,366246.248048003
615,96.9598462340264,706.875,5519626.69223849,471472.65625,5314876.84336283
616,238.891836748475,846.788,457885.301199576,70387.625,456423.314810016
617,158.925450843063,851.862,265246.133630416,39454.9140625,264889.508483745
618,208.934695139039,605.862,2280797.62704688,229066.5625,1943584.22192501
619,318.858200463088,851.862,682146.093252787,85073.03125,682129.581395644
620,137.024383864408,873.428,83870.4872578126,22632.455078125,76330.6045480394
621,275.90281348568,889.968,73630.2918094892,21769.21875,72040.9864495852
622,114.938114992487,937.44,57445.9487741703,10905.1357421875,54983.5198829443
623,97.0405034560027,958.118,29705.0215385743,7293.53955078125,28892.8215891071
624,129.030663749646,976.223,37945.7660585934,7996.63330078125,37940.5372585934
625,173.104377925442,1034.31,74949.3638244634,9635.21875,74075.7957633759
626,273.883146869201,823.955,19949538.3785661,286384.6875,19207972.4145714
627,169.014294863406,858.239,1779813.32978203,118056.140625,1642026.51915786
628,212.834878079289,48.9808,48831968.0503849,575072.5,48332412.8199115
629,212.83487508422,198.637,35633070.3090588,764204.9375,35393684.8829451
630,212.834869447431,463.913,17015887.3460625,996207.1875,16932924.8543922
631,212.83487938192,379.3,71221555.3646739,914534.8125,70833106.1417337
632,212.834865833483,603.362,35744711.2703262,582464.75,35385005.8639135
633,212.834869793666,303.325,15286874.1802941,743188,15185801.8570443
634,212.834868272712,541.635,17340580.1910134,701850.25,17217356.5731552
635,212.83484732279,651.319,4792959.50604543,369650.46875,4726218.01206096
636,212.834876864526,136.626,12130610.0334375,641210,12036127.4298158
637,212.834872628922,258.917,16817068.6301875,680577.625,16695022.3812754
638,212.83488495616,324.938,18071185.8774562,762702.375,17954665.6740798
639,212.834873182191,437.423,11733995.385,892507.125,11673149.3257956
640,212.834874052772,492.93,17204353.8460625,887127.3125,17109348.8267809
641,212.093107624515,1052.98,77657.6156417408,15270.31640625,71202.6366906333
642,145.983591602974,14.4765,29960077.4902099,665283,29535116.4890392
643,145.983587911386,307.264,19559137.0354141,711150.6875,19282461.8673424
644,145.983590888331,238.624,14293375.7810294,688266.6875,14092452.3361631
645,145.983591185487,123.944,8716877.5185375,675884.375,8595839.76744976
646,145.983597846524,365.391,19419408.9768,643492.4375,19134321.6685373
647,145.983588049433,461.371,9115315.80626252,511804.25,8940038.54782148
648,145.98359033791,394.462,11800900.8128917,648056.125,11625336.5637459
649,145.983584792726,479.048,6497400.58215623,442857.03125,6355123.20448114
650,145.98357902442,555.469,4621368.11076759,261527.828125,4435442.18084457
651,145.983591938683,101.139,13401977.059543,719554.3125,13215211.0417211
652,145.983591994885,146.754,12256203.7085708,683705.4375,12080296.9221324
653,145.983586452747,530.154,6398505.81889473,295467.8125,6176904.16781214
654,145.983588042465,59.1027,9644165.73358977,677085.1875,9510919.25274644
655,145.983589430967,82.1427,9609419.8155534,718021.8125,9477939.14811843
656,145.98358846027,191.022,9084584.21024999,668941.375,8952664.21980083
657,145.983605249249,211.239,9213324.23142613,797885.625,9082313.18514427
658,145.98360023833,331.246,9309329.35016667,636404.3125,9166732.29030541
659,145.983591973246,412.129,8567612.331,644754.5,8435966.91743471
660,118.926875340288,816.377,9507696.91590191,171845.375,8753583.36002334
661,165.019338961509,597.078,13310572.052289,1862158.75,13060616.277397
662,194.868679231524,22.3802,115576441.844011,1639535.125,114470835.213514
663,194.868672397067,376.796,28249240.1242188,1429671.875,27950959.5425179
664,194.868659553527,723.3,25286134.567195,383903.8125,23800265.1460054
665,194.868661471439,633.629,10177076.4697796,484700.90625,9826484.31055344
666,194.868678580296,261.462,104332237.573975,1404057,103178142.21755
667,194.86867964467,303.325,33221628.4647917,1507624,32883270.168504
668,194.868678224811,136.626,28934836.1927206,1419250.125,28618545.5883495
669,194.86868466192,323.685,24008408.7428846,1490754.625,23762836.0157774
670,194.86868838121,410.875,7574083.91062503,1238020.125,7486384.70655392
671,194.868671104922,554.217,21572542.1409961,574606.1875,20992868.1085762
672,194.868682943771,92.2679,33957733.0246368,1577735.25,33623439.6601384
673,194.868681372813,113.82,32179533.9705,1542977.25,31845221.5493434
674,194.86868050781,156.882,21830235.0662308,1325140.25,21584273.4907128
675,194.868680993833,397.013,22020605.227452,1405662.375,21775107.2788853
676,194.868677737811,615.948,6939800.25951272,422232.46875,6641401.63454428
677,194.868686015463,359.086,28426970.1822265,1431744.375,28128542.0464412
678,196.866890973143,24.89,104118712.558458,1417534.625,103173951.982479
679,196.866892375193,381.807,20759761.9748076,1315254.375,20553232.7853895
680,196.866881880441,736.161,13471714.1306042,355860.40625,12967372.8636703
681,196.866887501248,258.917,101643292.474286,1270645,100584571.368085
682,196.866885286631,561.799,43874071.6765275,586295.3125,42689168.8688639
683,196.866897591868,111.267,28163620.2088235,1357947.5,27897040.7215543
684,196.86688740343,307.264,46846357.12925,1356490.875,46387168.4759815
685,196.866896054203,153.071,22142789.1115625,1228639.375,21906573.6166269
686,196.866896104154,410.875,15871962.443,1187126.875,15694754.0896376
687,196.866890999361,467.708,14745073.5991167,834979.625,14509182.1138285
688,196.866901113413,92.2679,23658851.1992991,1311433.625,23437311.967247
689,196.866892541767,183.449,30241947.0703011,1128928.375,29901589.3092841
690,196.866889415418,441.177,22368727.6197,977129.1875,22058563.932547
691,196.866897521644,362.885,21956541.9981428,1254302.5,21735281.9073007
692,196.866884758162,783.282,4795348.05845888,257583.671875,4495118.52185569
693,196.866885406312,140.39,18806732.2809896,1223767.375,18613908.5708476
694,196.866897557366,615.948,6763248.70470085,387489.59375,6497621.72882465
695,185.911523325448,1091.73,1103278.27368099,36540.1953125,1087503.90668237
696,185.911504612766,1117.27,935640.644432094,31075.001953125,921205.275560266
697,183.913296587481,1091.73,5918534.70082217,72469.328125,5689867.52345639
698,283.264264876455,212.483,361547468.426807,43702180,360972029.342084
699,310.129755095245,1239.28,43694.0414919704,8893.4404296875,42887.2719902934
700,348.387348127044,1303.9,40424.578913574,7550.14404296875,39538.4705416324
701,86.9945593863395,1308.94,62519.3488338206,18121.521484375,60073.190744223
702,114.938095444879,1310.2,50781.8710888664,9089.708984375,50775.5127555331
703,114.934065847745,821.443,18468202.2127871,301636,18118385.0786625
704,192.911412203666,827.81,28974856.2103489,387571.6875,26263779.2894566
705,324.91422643096,1314.05,187687.401162651,22845.56640625,175226.39496659
706,228.957507679371,1317.99,49071.2635820317,12162.3505859375,49066.1115820317
707,250.939751730699,1320.49,157807.462652346,33854.3203125,156471.953135528
708,506.831966782448,1317.99,1021593.43503011,72428.46875,942005.651898283
709,546.824466496238,1319.24,415667.632921876,37417.6328125,400277.24964529
710,85.9936239880536,1323.22,591369.368574733,42085.640625,506084.658083998
711,612.797276041236,1320.49,1592507.37453125,106715.2421875,1547844.19854941
712,94.0376629288405,298.278,2003896.87454944,200015.859375,1166405.6732771
713,185.971417454605,1323.22,382352.308834291,40912.8125,357105.662639281
714,140.965632252203,1310.2,2798648.50768442,69306.828125,2523313.52074559
715,230.935970879514,1326.96,84251.3759033193,16424.361328125,83270.0594074587
716,468.854677279955,1324.47,634166.248645021,46648.51171875,597323.863603329
717,145.978877790293,1320.49,1064172.28727328,48420.58984375,821088.369391826
718,151.965880775508,1317.99,598862.095812986,41062.34765625,573672.391837026
719,182.870074140424,1328.39,205056.354557058,38753.08203125,198887.149821375
720,190.943610904186,1321.79,356272.287951517,34796.2578125,340366.432452325
721,74.993236041321,953.032,1574379.32565687,81350.0390625,1543994.77775005
722,74.9932465455565,816.377,1077727.73153418,79824.140625,1058353.07866644
723,74.9932277259563,496.726,360298.38799408,36016.23046875,334755.391281815
724,74.9932309124278,1201.71,1640573.4760996,71658.28125,1608142.03685216
725,74.9932308013695,552.968,695868.763812446,55059.06640625,667634.810306112
726,74.9932387652147,1087.89,1340592.16471353,73142.0546875,1310443.39028591
727,74.9932414842018,599.615,1621674.88412838,58564.33984375,1575652.45867493
728,74.9932428600729,637.426,2138696.98865723,80774.15625,2092559.92180054
729,74.9932433297252,995.747,2073913.70023221,82365.703125,2031093.43569137
730,118.897010708291,1329.64,75477.8836230474,22611.587890625,75251.8981497135
731,134.961232753481,687.959,2203398.41001519,124767.734375,2164527.74939161
732,134.961246719328,801.182,3246940.7891232,120424.578125,3191260.13099785
733,152.966796316835,1323.22,169794.572940342,27588.560546875,162673.342249265
734,258.942276680359,1328.39,596718.108593747,67115.421875,557054.569378161
735,347.885892062503,1321.79,3157277.91013282,141045.984375,2831213.55596038
736,124.971770312287,1328.39,275691.222704379,46272.71484375,265787.445819692
737,143.915595556788,1328.39,925156.955910644,80047.3359375,760756.056609117
738,824.725211348369,1324.47,741167.184760434,65876.6171875,725481.136197859
739,129.01937404285,544.137,1958047.46756738,192037.203125,1727436.72911468
740,129.019372074097,700.571,3295883.47385869,341872.0625,2971706.62961153
741,197.870220760527,1330.88,269163.78264038,37413.87109375,265819.46713292
742,133.930924893331,1328.39,490310.682541666,51407.8359375,486934.103791666
743,134.865128980034,1336.08,3475079.24540626,246152.53125,3436389.26661496
744,215.829932393416,1336.08,173206.766803977,50610.015625,170752.27234835
745,250.940261786223,1333.6,75184.773671873,19208.978515625,74311.9312671612
746,138.982918867993,1334.84,107814.14751953,20645.52734375,99171.4885389113
747,162.980545274666,1333.6,1166790.62180447,79624.140625,1055668.20798378
748,125.035637299658,405.823,3097834.1760542,352580.9375,2721673.6274978
749,218.949979463495,1319.24,2944429.9773217,148116.59375,2742851.42714312
750,367.882097201808,1320.49,2087002.97396613,130464.3359375,1976139.14578028
751,367.881978903607,1332.17,1069691.50296484,105305.375,1020905.42794756
752,91.9388971866486,1325.72,1235517.48102081,63857.48046875,1163597.27090044
753,178.975507681534,1334.84,491487.6240107,51184.6015625,443858.628497474
754,189.837530842895,1332.17,600929.730611978,68512.5703125,599612.809992324
755,187.839594765833,1332.17,594641.724704862,62447.4609375,593464.910056861
756,222.914972531168,1319.24,4206237.40905909,130169.9453125,3948186.59367073
757,114.056043884241,583.211,1887297.75517334,167591.828125,1535518.64178528
758,114.901703177856,1328.39,1215276.27457087,81449.625,1204810.51106977
759,118.966272105881,657.618,1386846.90725108,84280.0703125,1357655.21475714
760,118.966236619275,1285.75,39948293.4802794,237567.71875,39669578.3013039
761,118.966244447651,893.745,2863838.32653743,146026.3125,2832691.9541955
762,118.966245809125,734.863,1352753.95007944,93507.5703125,1332375.31887968
763,118.966249959909,1063.57,3102712.86937499,160719.125,3076676.35072888
764,118.966245092232,835.347,2409836.67554492,132560.984375,2380524.3084789
765,118.966259401496,690.464,1155804.09589784,92780.1796875,1134257.24513227
766,118.966257360894,855.634,1844269.21142247,136398.8125,1822738.07776889
767,118.966246232833,918.221,2786283.83426823,147301.25,2756529.8496193
768,118.966250965353,991.962,2889093.03290137,154885.171875,2862412.60967096
769,118.966265740034,764.126,1706839.98597656,104911.6328125,1680659.65107812
770,118.966215827954,813.821,1866305.06875313,128226.171875,1841648.86180804
771,118.966244549026,708.171,1182241.88939423,89167.4375,1160740.88020527
772,118.96624631986,1033.05,2086787.73236504,169965.765625,2067722.05905967
773,122.024793864638,408.371,1654223.06817188,183159.828125,1295082.68048196
774,167.960820053679,1337.32,1082230.09790624,98632.65625,998883.568975099
775,224.861915293073,1330.88,843007.442368399,66255.3515625,836739.522040798
776,234.944867259069,1333.6,907221.530462535,63680.76171875,837098.277156638
777,306.768382449693,1338.75,142407.319301757,32685.14453125,141788.127730712
778,189.942831006871,1317.99,815667.67520694,55552.84765625,758818.000625948
779,189.942803964932,1336.08,502488.494648437,64941.1328125,470122.442330903
780,207.830097244548,1336.08,5433019.52016438,324167.21875,5408565.81343156
781,209.827903829894,1339.99,378856.69498108,87019.484375,377218.059931648
782,222.863619755694,1332.17,912984.088894365,70702.6953125,912955.5080248
783,228.871300436664,1339.99,452354.597285156,98575.0703125,447000.85648803
784,298.761037984483,1338.75,1062400.81595843,107242.671875,1050994.13059817
785,316.726780148809,1339.99,199743.702087405,68481.328125,199162.28529745
786,89.9406882693555,1328.39,1960734.28610667,116316.3125,1833266.47046185
787,260.780447397041,1339.99,995180.206796872,163375.3125,975582.417785195
788,315.808033473088,1338.75,1200625.89142456,104968.3125,1193978.48618282
789,387.693511903125,1341.27,231075.962304688,43600.6484375,230360.334910534
790,117.01935748436,619.785,5324878.05609374,404508.125,4981733.87726411
791,156.943168503523,487.886,433347.971208336,104276.5,409382.843272286
792,156.943111911591,1311.5,19187358.1404143,321282.84375,18741726.0243703
793,156.943116570551,961.899,4199333.16828309,214049.65625,4088484.47368898
794,156.943166015635,617.242,3118762.79399331,216291.203125,3029306.07207882
795,156.943182700641,694.221,4148075.08649219,234658.34375,4046417.76879888
796,156.943142870607,756.552,3293919.28051082,223946.890625,3210080.41607572
797,178.873784869049,1337.32,3090641.24381161,166327.34375,3090607.62381161
798,372.73384484336,1341.27,463713.023148878,79073.6953125,463702.738704434
799,136.863093942604,1337.32,1539971.44730179,121165.0625,1501766.17355961
800,160.964880631086,1337.32,1064213.55763583,84236.703125,951218.869335399
801,180.872000861351,1333.6,3087995.24829726,153331.671875,3086777.20104884
802,200.957457582075,1339.99,1664096.48606249,155511.03125,1573378.05688195
803,298.796330375042,1347.83,678089.223377406,97376.484375,662009.047129268
804,313.810800390558,1338.75,1295842.85725781,133224.96875,1294144.03849684
805,376.730390925441,1341.27,502509.335624995,81686.171875,500702.675938345
806,381.699823306384,1341.27,721344.179953119,105744.765625,717611.787687069
807,385.695708282481,1338.75,1187965.91081249,114718.7890625,1187949.06281249
808,404.740894959405,1343.93,299983.524977676,52387.9296875,298025.650390744
809,90.971031969768,653.821,9568595.60012947,412248.375,9432861.00046356
810,90.9710277483346,829.067,7738538.08071428,464037.9375,7645330.49271022
811,90.971025004741,1022.85,15706351.560625,449435.59375,15516736.8075822
812,90.9710219452461,1279.39,94806451.9213392,518708.625,93644967.8156886
813,90.9710227994752,723.3,19264959.0257688,431903.59375,19009272.1033098
814,90.9710294259796,770.447,8470642.22134192,403688.5625,8358044.78772525
815,90.9710254949484,895.005,10526770.942025,448010.46875,10395166.4461573
816,90.9710236444634,918.221,8109480.79642709,447555.625,8009106.20734183
817,90.9710294784182,793.565,9008393.27502601,426668.09375,8889654.48190695
818,90.9710254234162,675.266,7327539.41203333,417287.53125,7228544.18328946
819,98.9666199577931,1345.17,652792.686060269,116441.453125,484822.871079627
820,101.980717481567,1337.32,3708066.57953061,184482.703125,3263319.65053872
821,115.04007802905,419.727,3749725.68494791,413080.5,2267690.69290144
822,118.951550639125,1345.17,248355.239150391,50670.0625,232097.304539626
823,134.98558715974,1337.32,4680051.30262442,228698.90625,4402746.74140221
824,213.838238967342,1337.32,1155005.33332217,95955.2265625,1154979.35236979
825,256.926862714799,1323.22,9917274.7325123,308800.5625,8769958.23278424
826,296.763094429427,1338.75,5794500.76177827,395973.875,5794474.78082589
827,383.698059676704,1339.99,1738701.48985408,157618.28125,1738680.68044232
828,73.0289093836954,439.926,6601516.80910157,1009723.875,6095618.11747905
829,75.0081970174533,380.553,27828713.343099,1875099.875,22844314.9583441
830,85.0290796454647,395.715,12237753.4678437,1394763.125,10341913.8054651
831,96.9880100758688,1334.84,2557345.98400733,207530.390625,2323272.99725253
832,115.076439915062,284.224,85364738.3836597,4039063.25,80830296.8825862
833,124.983185256524,1326.96,7935619.34185415,323923.28125,7443552.74251087
834,128.980570136688,1321.79,6110152.71367649,331685.9375,5787535.55671205
835,128.980597952612,1339.99,3416153.79401299,283229.71875,3146317.69273445
836,129.092154032465,265.258,44102819.9204882,3108883.5,43434884.7678353
837,142.917257229085,1346.41,588808.126018631,103675.7109375,580564.636658395
838,146.966024279788,1346.41,5149631.09270831,1000440.625,5138668.0469357
839,146.96599556881,1332.17,2842825.0062784,370118.96875,2828051.27614633
840,152.978145735814,1320.49,9082505.73117185,495182.78125,8808796.64715367
841,159.029969229559,1346.41,385301.545842012,110105.5390625,328778.631457998
842,168.973080285824,1320.49,31826800.0780447,684881.25,27825824.264658
843,169.849662708653,1337.32,5061003.6713615,229918.703125,5029877.38680694
844,172.000365051485,1346.41,350138.582578123,59083.16015625,346745.382253899
845,178.815242458609,1338.75,1639250.46041015,119714.4296875,1639224.66041015
846,194.952337020072,1342.51,3312480.43933821,284258.53125,3091780.96075348
847,198.865088375864,1338.75,8409949.45524037,408149.90625,8062939.54606865
848,203.834406610376,1334.84,14406817.2704557,795070.4375,14387622.5841227
849,205.832436447232,1336.08,15285338.3133,810048.375,15275936.4642675
850,215.83713363546,1345.17,1622162.71030349,149355.25,1591992.86387302
851,221.800611163427,1338.75,6239420.35615762,356526.59375,6239389.28615762
852,223.798331120815,1338.75,8556277.7256585,472032.9375,8536803.72669562
853,224.877926934529,1342.51,4124778.61294566,287467.59375,4114452.18479642
854,225.795951018389,1339.99,3589305.04210114,243988.75,3553357.07248727
855,258.782301822458,1345.17,1109216.30043164,140389.734375,1109203.31043164
856,258.782193850668,1333.6,723359.375730793,82500.625,723342.551564126
857,283.801333565467,1338.75,7048227.18421732,442141.34375,6777753.11995811
858,292.767347696503,1341.27,5870644.9732617,378034.03125,5870617.8832617
859,312.731289314725,1345.17,2483626.46033716,229419.6875,2483603.16454769
860,354.878327652595,1346.41,324046.010742186,110909.0703125,324039.510742186
861,390.700360718914,1345.17,806905.602471456,120517.1640625,805919.783869451
862,444.198557840283,1343.93,2158017.6614414,202966.890625,2144976.43192672
863,80.9163521119705,1346.41,1964950.51076097,177747.640625,1895849.7363719
864,120.97230502186,1341.27,5640740.34609376,306644.53125,5397006.45641216
865,128.035347936721,487.886,10642131.6138304,1065604.125,6887098.81146095
866,137.035655078765,1343.93,3418621.2080469,250973.515625,2047997.08062051
867,145.123430575212,1339.99,1957629.09595552,133861.15625,1494069.04562011
868,145.983569625907,1341.27,5720149.08077046,290110.5625,5207845.37315194
869,150.970699837198,1347.83,2421803.95042039,236051.28125,2314822.5494939
870,167.851570289556,1337.32,3523093.06513487,178519.75,3487580.31778483
871,172.992647521064,1347.83,596897.81305859,120591.7109375,570721.187064267
872,190.95507285153,1320.49,21630024.9809765,900623.75,17977298.7203228
873,256.784558801773,1346.41,644714.686060542,83090.328125,633504.457442081
874,287.797819405754,1339.99,4026572.2852314,271636.8125,4026542.4952314
875,294.765179220594,1338.75,10121645.1889746,633001.4375,10121614.0989746
876,301.767591322642,1345.17,11567974.4021367,809459.1875,11567948.5421367
877,307.76149829708,1345.17,2707415.66108071,232929.046875,2707393.75941404
878,332.896541501234,1347.83,850967.222703987,205088.703125,763539.077137888
879,350.860752471867,1347.83,581819.877425426,125519.4140625,556572.017308493
880,392.698562858338,1345.17,2496315.09254148,295922.96875,2494961.43100773
881,394.696121096396,1343.93,1887816.98415624,176761.09375,1863502.77866867
882,87.0447642962538,388.156,15494889.3996737,1589874.5,12969437.8161403
883,91.0217661576253,342.612,3935051.2003418,223165.625,2874645.17942244
884,125.900163620284,1337.32,36238146.460612,1324215.25,34711667.6756811
885,126.017233683672,261.462,7157681.12002666,589381.6875,4012133.34560565
886,129.055768606034,378.048,10336729.6507617,1132762.375,8385119.7349501
887,196.866874095166,1336.08,38015547.7817617,1735187.25,36195873.185977
888,204.866048221215,1349.07,1091736.07163403,74102.609375,1030611.5118425
889,206.8705940146,1349.07,4065476.75589485,300284.90625,3727963.22492058
890,213.186075348848,1358.14,2034679.87572307,147648.0625,1877820.83024104
891,218.828188604627,1341.27,5549212.62939689,293814.9375,5549178.9931006
892,285.799613596789,1339.99,9355452.71606659,584979.25,8951677.95870481
893,381.734074217695,1347.83,1411375.62076924,187923.28125,1362610.2361821
894,108.006619634825,1338.75,7991639.38467839,311460.78125,6056114.61856738
895,137.024464213621,1349.07,1157035.54556771,179893.953125,1053300.19952873
896,143.10773938893,253.918,102982517.61225,9528361,100292489.113057
897,204.872390085062,1347.83,4048945.25984374,269327.46875,3628472.68417226
898,216.830450117559,1345.17,37279765.0411751,2038690.75,36950408.9391204
899,252.884196652445,1350.31,1018721.89623568,222389,1001076.34713783
900,254.882065541555,1350.31,1337463.20267579,252214.203125,1336119.70743286
901,254.919190779797,1346.41,3354029.31599917,335001,2934013.99819949
902,303.765643437909,1345.17,19196847.1753978,1343850,19124793.3801623
903,305.763514146068,1345.17,11530847.0185441,878304.625,11519103.1567267
904,314.886313061765,1347.83,2091426.07297014,275328.4375,1849352.31826733
905,385.73089994255,1347.83,1860639.27654298,245089.984375,1759432.93884153
906,78.9183776040164,1349.07,1635172.07328368,221657.96875,1573644.55604417
907,94.955712532349,1352.92,592900.990942393,107528.0625,589086.008123309
908,101.060638005817,336.345,40315807.6346692,3260972.75,38421201.8614875
909,101.060631812984,317.376,12054251.0292455,907550.4375,10478867.7102119
910,117.928706144746,825.21,47877619.9446588,610715.3125,46177239.2260712
911,132.867884245723,1338.75,994781.108750044,366751.59375,992408.021279341
912,132.867867643304,1332.17,4405691.66792666,366751.59375,4390652.75265375
913,150.962478438448,1324.47,73586673.8923337,1654025.625,46019133.3010193
914,157.123394451416,239.872,58138091.3264105,5083134,56277525.4547163
915,171.139146299837,232.2,25892562.5939931,2315368.75,24075677.7101353
916,192.911478690561,1351.58,2080832.36348387,320351.40625,1502650.5577838
917,313.931192926334,1350.31,6010678.78273922,874296.5,5876196.58069711
918,342.13477478636,1346.41,2737162.97765969,196075.765625,2340765.3601572
919,130.957313064577,1355.4,526341.946665042,81523.015625,522711.903447682
920,155.001987845836,1355.4,1789209.06770219,275939.71875,1713468.30582473
921,196.903412614866,1352.92,949716.456281249,290813.25,878624.915844874
922,234.93283015284,1351.58,3583338.70538383,406723.875,3297693.41333416
923,191.019913153333,1355.4,1175509.27036718,233095.453125,1104715.50291583
924,232.937101450612,1355.4,2176959.26817305,395221.9375,2101534.84856183
925,329.269937806054,1356.82,1595392.97449449,260618.453125,1527864.99694824
926,366.03519565907,1355.4,674195.928851561,145680.96875,655371.966614989
927,439.112943023773,1355.4,605893.705250016,128254.453125,597835.593903425
928,142.983020243251,1354.16,1516882.88730467,242069.203125,1468689.98026924
929,209.93432340901,1354.16,3247282.78908086,430506.0625,3201551.74045623
930,136.969998642361,1354.16,1693423.65410155,227034.46875,1624625.94866927
931,138.970480752774,1365.85,7028287.95335573,358648.53125,6620169.59332972
932,278.930124883052,1356.82,7383223.38379409,478165.5,7273047.23747258
933,78.9737888183,1358.14,530183.052361112,108334.75,523531.429713894
934,200.952941024222,1354.16,2274919.50828611,280858.25,2166365.59687306
935,235.953676480692,1350.31,12801376.0618566,1537538.625,12012212.4133137
936,329.924772212813,1359.38,4550684.64459561,473666.65625,4404503.74063577
937,332.884156348822,1359.38,923427.618652328,242317.59375,915585.734450484
938,364.889181311182,1352.92,3145440.49218747,455676.4375,3123500.53874861
939,97.9842162876547,1359.38,836537.658298599,111338.7265625,811301.655288118
940,136.936513823248,1362.03,1409852.88188978,201226,1358462.26274933
941,155.997079571953,1358.14,1301220.08734375,246942.078125,1169702.95230632
942,220.960299342713,1355.4,2650753.63336077,342929.34375,2528841.4089714
943,430.835081471336,1359.38,1485964.99609376,227955.296875,1460917.09563562
944,138.019685791649,293.082,3562200.90548489,293643.46875,1779336.98328851
945,138.019687687115,1350.31,12153099.410068,573942.375,7687155.81618815
946,213.96402371862,1363.37,875158.417684154,90931.90625,858808.74204486
947,266.151327030022,1359.38,3425065.0803348,334627.90625,3187602.61904417
948,294.888414779635,1356.82,2791953.21777644,389030.75,2759745.57054456
949,310.178207127629,1362.03,411688.597015612,102175.078125,402420.609068655
950,439.113337946014,1362.03,646624.724739581,120319.4375,640769.32394729
951,173.969932362165,1362.03,1021879.16886719,187409.34375,949270.075277921
952,337.205979017406,1355.4,2959618.00933984,355081.3125,2743661.2303332
953,176.9360037569,1363.37,803068.25472221,200585.59375,727223.331147858
954,484.879190886003,1359.38,4316627.89314941,402339.09375,4272619.16742805
955,372.865767734318,1355.4,4500083.10781251,388594.625,4474986.22151011
956,195.939525724467,1354.16,4269851.30865626,343864.125,4169204.4600123
957,239.201837607393,1360.62,2623298.83560193,301930.34375,2432221.6401399
958,191.019981255616,1368.45,789623.696875007,183650.6875,769812.752455618
959,485.133973917083,1368.45,784699.152473957,218637,774933.352975733
960,493.372550545795,1369.69,502228.283035719,105366.0859375,476914.263635522
961,215.056224446224,1364.61,2459660.71557566,264732.9375,1683201.23430234
962,219.175541470015,1367.09,1462212.27645264,186481.21875,1011643.65159394
963,288.909006452587,1354.16,5862369.75524995,640223.5,5850168.82908522
964,383.732623954718,1351.58,4805594.0435026,364164.375,4629270.83013048
965,139.938183242718,1362.03,2322610.81550259,297183.90625,2185467.12410097
966,175.954346590025,1356.82,1787942.82242187,260863.59375,1713228.14068788
967,219.963040847107,1354.16,3150845.28803012,418965.28125,3021625.99938228
968,219.963008914862,1367.09,1829596.57942188,266064.21875,1729801.72547762
969,225.18616306572,1360.62,3250408.15722656,292165.90625,3078811.6555322
970,254.906709645884,1355.4,7184049.17030542,559721.5,7129471.5358709
971,125.900382033251,1373.77,526604.404874996,136783.859375,512644.26261265
972,248.080090432541,1355.4,14635227.3601213,967774.625,14151683.7156665
973,371.86838333356,1356.82,6639136.72479912,472197.9375,6627870.34840197
974,372.914740807894,1372.35,738529.77289288,97284.328125,720032.190694488
975,408.898618902325,1365.85,7262081.11511827,553855.4375,6923333.16128638
976,210.93169668745,1354.16,15176230.7399462,2012313.5,14942609.5474785
977,330.922084245909,1365.85,3653781.69609374,284724.71875,3443224.18494017
978,141.985643760853,1355.4,3304913.30608396,343569.4375,3184087.85668772
979,146.908370861671,1376.25,514638.673046877,126984.1015625,499931.850176889
980,135.972686899908,1363.37,3795880.88824217,309289.84375,3703508.06350424
981,397.226761928308,1377.49,2290059.12522501,196939.859375,2070307.35260001
982,127.040140087361,1378.91,245711.835703122,59923.62890625,228623.34495793
983,145.05063666376,1377.49,1026429.30576171,122743.15625,697706.639225254
984,242.220798954726,1358.14,2628570.73377299,257521.65625,2467190.884474
985,122.975562632973,1355.4,1751279.17326921,366315.59375,1698599.20052538
986,167.054302623947,1382.85,379898.976471352,61645.75,344321.75085847
987,240.945663452148,1355.4,6354972.78236177,455915.1875,6279245.40861262
988,418.187328047479,1381.43,345667.836843742,132002.421875,345662.700843742
989,214.832846935817,1343.93,97598123.2508752,4899247.5,96333947.8824158
990,252.9446591606,1381.43,1434366.35586635,181775.453125,1270474.24917462
991,332.896675922397,1378.91,1904824.12980979,172897.03125,1671114.45276351
992,126.905035165819,1362.03,4043474.15597195,298127.4375,3765423.35426541
993,126.905009426679,1382.85,1473194.25908366,205859.328125,1278470.5876305
994,280.236045492226,1385.33,302477.850442708,50769.53125,292756.409283425
995,293.891194190354,1356.82,7779807.34093752,466059.84375,7750749.21333569
996,293.891203417795,1386.58,903889.91863607,157863.109375,891072.077454098
997,312.8990757894,1356.82,10245213.7395135,659114.125,10190676.3609699
998,312.899272374078,1386.58,1396470.87223354,150468.171875,1364057.94897976
999,286.912040540041,1354.16,17372102.4575,2249516.75,17335165.1706095
1000,293.17945071301,1358.14,11387742.0176953,639634.4375,10832552.9405591
1001,301.238573485262,1352.92,2309400.99605011,289538.8125,2151906.14362057
1002,301.238558402632,1384.09,3445073.10264138,222978.796875,3250737.31923674
1003,353.200485460235,1365.85,12606206.7148976,583629.0625,11635659.1208934
1004,370.868958824833,1355.4,22603507.512158,1915896.75,22574404.3318784
1005,162.968109421039,1356.82,11242882.9079492,666739.5625,11014573.8900779
1006,207.050570113545,1393.19,128979.710214845,27256.97265625,128974.550214845
1007,296.798166691387,1347.83,8940197.0039375,714840.5,8746852.92146358
1008,296.798152064064,1364.61,8750870.76997763,753831.8125,8595369.55014129
1009,407.901920316613,1355.4,15408387.7516712,822919.4375,15355489.4976392
1010,95.9844952641169,1362.03,12022941.631339,555921,11558987.0715396
1011,200.965425228579,1364.61,3490491.69113583,403399.71875,3268159.22792739
1012,292.801847970423,1349.07,17158351.9718749,1286157.25,16790569.806468
1013,292.801866501992,1363.37,12694070.9087741,1066081.875,12435337.9630462
1014,228.205146415903,1365.85,3327478.27423097,338955.125,3214409.97221313
1015,228.205033945816,1388,2201980.40554688,158975.4375,2074963.18383163
1016,339.199995814205,1355.4,10658023.7461941,715338.4375,10531839.8453645
1017,169.014285517419,1347.83,5647724.595625,407905.34375,5396375.2205273
1018,169.014262934731,1365.85,4954986.68547435,533261.25,4744501.05118163
1019,169.014312887006,1382.85,3230078.66229818,541435.375,3049078.50263277
1020,297.153171503541,1364.61,5206924.15209959,424702.625,5029159.05791334
1021,311.90177465278,1355.4,15727174.9647418,956014.4375,15698886.2508267
1022,311.901873995734,1385.33,2993323.16567309,318539.40625,2976028.48792482
1023,479.357085207771,1400.67,163426.273585938,49688.87109375,163421.105585938
1024,161.080189704602,1389.24,1374940.4734314,127891.7734375,1166094.51498084
1025,96.9597467749538,1403.39,93138.3356914068,21964.21875,91078.3694161664
1026,156.94418229075,1386.58,1851851.98518881,179681.8125,1797966.7781211
1027,157.989146579447,1356.82,5942512.96020833,484399.84375,5862322.37404355
1028,314.886229884709,1367.09,3186237.13350361,324618.0625,3043940.23146313
1029,314.886113646335,1380.15,3676269.14967549,294320.15625,3525196.1418999
1030,120.996453387169,1405.88,1267336.84603401,171998.15625,1054157.64216695
1031,288.057987038249,1360.62,10620449.934031,568685.8125,10537685.74313
1032,254.22081543092,1360.62,5634088.93426488,427219.53125,5550230.98025941
1033,386.182088784119,1413.45,252106.237630208,45776.328125,233098.173363381
1034,129.030632685562,1415.95,65366.3065429684,15776.0068359375,65361.2745429684
1035,116.962585395522,1355.4,10777273.6510907,651533.4375,10697582.3369454
1036,116.962550270493,1386.58,1903672.74875301,187228.0625,1860327.30810321
1037,138.056020741266,1417.2,89845.9521484375,17788.439453125,88007.3977661133
1038,294.799935342941,1349.07,36704394.5688418,1499899.625,36352948.570457
1039,392.863307451545,1360.62,23354565.1880357,912903.0625,23270406.4209857
1040,406.86833941324,1423.54,363252.165830078,51946.484375,346500.943688067
1041,406.902529675497,1355.4,82250097.1575998,3970338,82059250.9225832
1042,169.050708562233,1429.8,112383.756440973,20909.640625,107569.520529293
1043,208.934697981164,1354.16,39103082.8886325,4736992.5,39003538.0144185
1044,208.934708707115,1424.79,942745.284615893,64840.83984375,828276.418754461
1045,328.925246365979,1365.85,82743689.2589157,2597102.75,82399520.1547649
1046,328.92536929959,1424.79,2172000.96330915,139590.625,2059790.54055397
1047,118.009074069146,1381.43,2023888.17757211,196401.421875,1895569.58436555
1048,254.919209763869,1378.91,3975460.74653319,231971.734375,3655337.70163114
1049,428.850686457403,1432.35,133365.345227866,37974.9765625,127583.991918498
1050,178.962974028157,1355.4,12957135.949427,873448.5,12814971.2256651
1051,310.902313314447,1356.82,61007693.0942183,5125447,60811570.1489351
1052,310.902294161012,1368.45,28385781.2400002,3460252.25,28270340.4196265
1053,310.902310420063,1386.58,13935403.9471652,1135707.375,13761445.7669057
1054,292.891621657462,1356.82,38786245.9207616,2121197.5,38576361.0765662
1055,292.891672451648,1385.33,8141346.35327011,749683.625,8014998.68699603
1056,154.959887794586,1364.61,19290123.9329997,544258.875,18037879.4472649
1057,244.964458705116,1434.9,157191.553623049,42434.94921875,140668.712973019
1058,151.051304371072,1436.15,66884.0763164061,17929.25390625,66879.0603164061
1059,155.947083254014,1355.4,11050662.694425,606239.1875,10730979.2081786
1060,155.947013890788,1386.58,3397637.44330883,234679.078125,3176898.151531
1061,233.924358203118,1358.14,33141543.5376294,1619785.125,32665065.2035469
1062,234.921603719745,1355.4,20321347.157,988246,19956149.1775642
1063,234.921568209548,1385.33,5368654.64152903,456721.375,5156906.50500061
1064,75.0081977870152,1439.92,7435664.22869795,539607.6875,6498173.98655837
1065,75.0081870211766,1358.14,2585244.81058035,271285.15625,1557290.39670549
1066,76.969495438496,1355.4,328341603.283199,15920685,312125930.663257
1067,77.9690650832487,1354.16,16492331.3045312,888467.3125,16022594.8901941
1068,77.9690788191503,1385.33,5225808.556084,325506.71875,4907158.59733123
1069,78.9663658084647,1356.82,10091300.0277098,617625.5625,9730924.3718967
1070,78.9663618594294,1385.33,3577491.96784897,274096.03125,3371833.51657367
1071,91.003341472661,1319.24,66364836.4631144,1044763.5,61024288.920643
1072,93.0342903937331,298.278,27684844.1759805,2237133.25,14878106.1079213
1073,94.9803238554375,1355.4,5610866032.71679,267289648,5340526218.52119
1074,94.9926889613397,1378.91,34019856.0484372,2379629.75,33677887.679992
1075,94.9927096772616,1343.93,30442706.3902499,1494617.875,29764311.0704993
1076,94.9927035009865,1420.95,27144137.7216918,1294852.875,26381914.076172
1077,94.9926733036559,1364.61,30663978.8625,2098857,30299705.6513452
1078,94.9926977633831,1393.19,24179135.5336366,1831587.125,23869101.734472
1079,95.9799049291787,1355.4,322636580.828269,14739599,306914117.835651
1080,96.9695568492319,605.862,3619092.94748828,278150.75,3015526.28650153
1081,96.9694260048233,1367.09,40066669.3458274,821330.9375,36448970.0304809
1082,96.977197602006,1355.4,229220289.2544,11378465,218256630.735274
1083,96.9845835381138,1355.4,55769601.9320672,2486580.75,55455510.6146391
1084,96.9845966407654,1422.25,5263391.35777646,359752.78125,5103926.19900097
1085,96.9845878843483,1386.58,14442646.7547322,914187.1875,14267000.2608141
1086,98.02449824964,1370.93,8336852.90238097,295419.46875,6094887.52284227
1087,110.024759242254,1390.48,3414194.44414307,187112.40625,3414160.75789307
1088,110.024763507113,1426.05,1564657.73621092,155102.4375,1564643.82121092
1089,110.024777435067,1405.88,2554429.43933823,147316.171875,2554406.65345588
1090,114.93627901821,1362.03,1340232527.62,60178908,1276946891.54859
1091,115.933363931871,1370.93,16285894.1142262,436401.375,16231624.2354487
1092,115.939645296664,1367.09,48899666.5807121,1405693.125,48899596.7373159
1093,115.939647078112,1436.15,3215379.94666196,250927.8125,3215364.81575287
1094,116.928654819,1350.31,31531178.3275624,1783657.75,31531152.5075624
1095,116.928669229831,1390.48,67666344.4207502,1589037.875,67666291.7767502
1096,116.928618436759,1434.9,14852021.9943752,1229330.75,14852009.3610418
1097,116.934497829539,1362.03,571779802.208694,27372684,571369158.181444
1098,116.934481802442,1382.85,433200874.950002,24720092,432845685.584399
1099,116.934483233226,1410.87,163814296.557059,8592721,163513653.693373
1100,117.937863189447,1365.85,21975913.2151172,783516.3125,21975844.8145403
1101,120.972309098917,1385.33,11874545.5712387,359560.34375,11874464.9922064
1102,121.029524745193,354.029,14674207.7432277,3716490.5,11988486.7684678
1103,121.029520933192,597.078,4947346.09533984,423467.96875,1919626.46289113
1104,122.988008220504,1368.45,35639388.6351215,692317.0625,34971525.7159177
1105,133.065917636819,1389.24,7792342.13078128,391046.5,7630855.02194481
1106,133.065915720988,1424.79,4960198.23790937,222418.484375,4754045.686834
1107,133.065922399602,1365.85,5255738.24684492,466612.9375,5141557.34968188
1108,133.065936368631,1351.58,2787870.66851563,343568.5625,2690444.3428337
1109,134.973182468728,691.717,3292286.05429688,166977.671875,3153695.19013278
1110,134.973177936821,1355.4,125271550.6224,6304497,125086923.770125
1111,134.973177394806,663.917,3589644.70852344,164358.8125,3430079.94597132
1112,134.973176307667,1426.05,7798736.8189885,437773.4375,7660145.95482439
1113,134.973181212288,1385.33,25999615.7575001,2042767.75,25899411.0179927
1114,135.945093169868,1364.61,113756928.329652,3207777.75,113734686.059531
1115,136.991397890956,1351.58,7311663.83619529,386928.84375,6375683.37855439
1116,137.940570662193,1364.61,44007277.1248807,1442166.5,43993054.8082507
1117,139.007078162776,1362.03,34123816.607507,1033237.25,29099456.9605159
1118,140.986153181803,1355.4,80666915.9752078,5706019,80456622.9279277
1119,140.986152116154,1424.79,6785362.92985795,332321.03125,6535713.90137155
1120,145.050654001997,1423.54,1116209.49636459,79963.3515625,1116189.29369792
1121,145.050664267504,1439.92,463890.292438147,75076.234375,463881.46077148
1122,147.029936478812,593.285,37465670.703022,1022566.0625,36210383.3197368
1123,147.029956052453,1372.35,19615057.8842518,409263.90625,16029764.0566665
1124,154.947435017426,692.97,84294675.1155286,1106017.625,83676813.2357085
1125,154.947432535889,973.702,78319981.9072372,608676.875,77301804.236292
1126,154.94741694365,1197.73,6367217.58854165,313148.0625,6201017.72375872
1127,154.947446832167,1355.4,117250754.851562,6014206.5,117034299.446037
1128,154.947432680662,769.19,47705341.3043311,795237.5625,47212076.9259251
1129,154.947431770284,1033.05,6555970.33982146,392879.15625,6425882.19318038
1130,154.947437742418,1170.42,6740040.64854913,263705.46875,6549875.08323167
1131,154.947454462328,1424.79,42721992.5597744,1897921.125,42331950.1335588
1132,154.947443248843,559.299,3228717.46485331,196404.015625,3068791.55674944
1133,154.9474364715,613.447,9263486.14888922,704295,9162257.04427872
1134,154.947443600307,631.127,16468041.2282206,834838.25,16316278.0164001
1135,154.947434922121,1222.4,4995037.53772918,281301.625,4856256.47195964
1136,156.955040526551,1358.14,13742876.6719386,653761.75,13705178.8268185
1137,156.955028068003,1426.05,1507500.90689556,98703.359375,1484651.16123658
1138,156.954991532704,1407.13,2305196.62627057,162550.734375,2282146.69510519
1139,160.07683966981,1384.09,24355650.9102298,769699.0625,23669397.8822099
1140,160.076833504007,1422.25,7612600.70715909,403779.84375,7170680.35174492
1141,168.050171956453,1372.35,7283568.65028054,447505.84375,5910992.67583611
1142,170.996973186873,1350.31,48805676.2833196,1971360.625,32239201.9870755
1143,172.957916624024,1355.4,1335347572.965,67308984,1237406827.89786
1144,172.970203346682,1363.37,98631932.2694747,2245528.75,98208621.8430426
1145,172.970277040801,1420.95,10505265.1039063,541418.25,10330117.9883842
1146,173.957495451963,687.959,191642116.465145,1153555.875,189872409.852166
1147,173.957491587878,989.395,37781061.8790126,558342.125,37063162.6414515
1148,173.957488291258,1195.16,29872705.2460547,325060.5,29148555.4946283
1149,173.957505132904,1355.4,139146107.6744,6895942,138924551.631485
1150,173.957488190229,916.963,31128567.9273895,649641.5625,30772694.0093256
1151,173.957484291906,964.604,13502138.7710781,662048.875,13339476.8357128
1152,173.957500772644,830.324,10049944.6143822,632799.1875,9932798.87670724
1153,173.957497501457,860.755,14833917.5756438,617477.5625,14657972.1736203
1154,173.957510825476,1424.79,13350722.9600967,614664.6875,13167939.7771156
1155,173.957503299455,1386.58,32866927.4884616,2466081.5,32746608.7431674
1156,174.954732112018,696.77,44641224.4453355,788404.4375,44453159.1335979
1157,174.954728145309,1004.85,46335059.420553,424055.71875,45874377.4930095
1158,174.954734962918,1191.37,8122625.30624998,229670.96875,8004432.03742543
1159,174.954742553306,1355.4,86927892.4248435,4351072,86838696.4556549
1160,174.954748373641,637.426,25649491.6903989,561046.9375,25381992.0906487
1161,174.954745454264,911.696,7719168.54992498,447815.15625,7662844.26858129
1162,174.954739346853,757.806,10912335.7014375,590406.3125,10853040.7007
1163,174.954752476843,1426.05,13640577.4031823,516993.8125,13532479.6946079
1164,174.954744262359,655.072,10205126.8332596,618635.3125,10156485.5453135
1165,174.954730589128,859.497,9889826.55887813,408969.25,9816284.72335225
1166,174.954741354728,883.589,7082608.43794641,435398.34375,7030064.97678065
1167,174.954756142736,1386.58,24768882.5407917,1584836.125,24711782.4267091
1168,174.954729941446,1238.01,5389172.29188988,222952.078125,5310492.23064062
1169,174.962157614888,1355.4,14348759.6821322,1202735.25,13930163.1776588
1170,174.962175763749,1386.58,4630984.95375001,347107.59375,4256998.00376787
1171,184.061605083836,1373.77,2107543.76578124,221042.078125,1672042.31364884
1172,194.868663512403,1336.08,44890790.7257738,2062313.625,44375287.8856803
1173,194.868698137052,1439.92,3224574.16273441,355270.03125,3082824.13556816
1174,194.868667094204,1414.71,7512544.27754752,303647.8125,7133829.64920166
1175,194.868669393928,1377.49,3929282.49554033,386296.65625,3718193.02820778
1176,194.905879289296,825.21,529669275.521137,6734653,528816986.351911
1177,194.905878812486,1198.99,14534623.7799107,842539.875,14429487.4362356
1178,194.905903712806,1352.92,64254997.2999997,4219231.5,64129523.1062367
1179,194.905883546041,573.13,4037536.76361476,745662.9375,3597846.69935924
1180,194.905886241839,968.43,47760506.1479,1603892.125,47578830.6685927
1181,194.905881170318,1253.64,58045533.5062353,838819.375,57596081.0231074
1182,194.905885838068,1004.85,19563189.7976652,1109838.125,19458783.0887249
1183,194.905874676892,1139.09,14757351.6066797,833947.8125,14578557.5832486
1184,194.905882829008,1037.02,24313740.871748,836004.375,24081548.2621437
1185,194.905879965832,1086.43,6300844.3056919,798181.25,6193409.89985996
1186,194.905900503962,1385.33,37945304.8145834,2723116.25,37854103.6644871
1187,194.905882309719,1180.82,12442120.2917308,734188.6875,12344413.7597828
1188,194.90590583944,1426.05,30346651.6425,1261953.625,30191032.444299
1189,194.90591286601,1370.93,41117354.3172731,2998644.75,41034757.7850617
1190,194.905902171568,1401.95,31727243.5870834,2283494,31618742.3697302
1191,194.939941352628,1355.4,49648378.3019999,2667894.25,49277969.6211035
1192,194.939937457088,1427.3,3706668.08896764,227087.671875,3401081.85079813
1193,194.939931619007,1385.33,9820580.14437503,763918.5625,9619543.81123501
1194,195.905876992509,827.81,91310310.9509224,1134776.625,90150076.1470317
1195,195.905953640364,1352.92,10514419.8446354,637676.3125,10368754.0824548
1196,199.170446808738,1355.4,18623909.269634,775857.125,17273758.1971027
1197,200.945048317815,1352.92,6708279.61954166,770073.625,6702513.53948167
1198,200.945039056706,1405.88,1223217.4143164,110228.3046875,1217590.16917589
1199,200.945018956234,1423.54,950543.969524904,83362.484375,942724.757320604
1200,200.945042464925,1388,2011238.42050781,158137.5625,2005535.21705269
1201,203.868991572787,1359.38,277539066.765418,6873204,277538966.105418
1202,203.868985741777,1439.92,12443852.4539424,878814.25,12443834.7600962
1203,205.867200525581,1359.38,246199702.747785,6084533.5,246199599.587292
1204,205.867206134431,1439.92,11327471.7903366,751539.25,11327454.0964904
1205,206.04684849639,1378.91,8143453.71140623,535298.75,7848168.39285317
1206,206.046895484292,1426.05,8087786.56137913,337432.28125,7658550.78613339
1207,206.046913347966,1362.03,4887549.18539771,432398.90625,4666806.0743822
1208,206.046928441093,1395.68,8460020.26011025,494570.59375,8135870.5462315
1209,206.046854200565,1346.41,3717841.22982146,291175.5625,3443539.83324815
1210,207.865432543203,1359.38,53228694.2985892,1537580.625,53228597.5885892
1211,207.86541158304,1439.92,2119029.04431819,183367.1875,2119013.85886365
1212,212.834885857441,1343.93,90537486.6835252,4579623,90421381.4474897
1213,212.834879868749,1414.71,3389018.28395507,177569.078125,3296676.19617438
1214,212.834906917517,1380.15,7442985.32496873,481550.34375,7325364.73159533
1215,218.963455131053,988.134,3866563.80939903,260550.640625,3862967.62870761
1216,218.963463616719,1171.69,3502451.27013156,171150.078125,3497300.1357874
1217,218.96346966561,1355.4,48546660.2396872,3618944.5,48541805.0586379
1218,218.96346842744,898.872,3619699.27825392,234715.796875,3616379.24865198
1219,218.963454842242,1258.69,11720020.9148059,172025.1875,11702841.5456951
1220,218.963471691562,631.127,4754989.81311831,215735.921875,4749488.2833729
1221,218.963477071667,675.266,7581900.92139944,305781.1875,7575880.66038605
1222,218.963479048643,797.374,3595686.83426682,245441.125,3592177.06115238
1223,218.963469214741,858.239,4518240.02772978,229332.171875,4513696.80913891
1224,218.963460264634,964.604,7111636.22455078,253263.15625,7105225.07184096
1225,218.963430574365,1034.31,2708552.61679685,193017.921875,2705189.77170074
1226,218.963488419772,561.799,889381.708014974,48273.78125,883123.323298085
1227,218.963474296521,604.611,3706103.89413203,154907.765625,3698341.94650865
1228,218.963458671723,834.091,5146428.31041667,239218.640625,5140893.90714809
1229,218.963461953107,1136.35,3622142.71760001,140961.09375,3615235.78232082
1230,218.963451844162,723.3,4371882.37464663,286086.53125,4368358.27156274
1231,218.963464646138,748.934,5418345.78008272,289531.875,5413794.15007117
1232,218.963450191772,916.963,4046934.30340179,256438.703125,4043123.67949713
1233,218.963457809936,934.876,4110758.45603234,258186.59375,4106905.91271126
1234,218.963464880756,1187.2,3195527.91240235,178223.859375,3191159.88793268
1235,218.963446950495,1208.22,2511529.42998047,165900.953125,2508136.46343115
1236,218.96345677591,1424.79,2210933.12275623,138894.5625,2205425.76732318
1237,218.963466262786,874.686,2807945.27916875,229304.5625,2805175.8200805
1238,218.963445596931,1003.59,3340497.05764325,230213.515625,3337170.14313772
1239,218.963444994299,1018.97,3008055.21436199,202999.703125,3004735.3999133
1240,218.963468737768,1058.1,2123421.40831732,139403.03125,2119755.50269993
1241,218.963476998176,1386.58,11238206.8258259,919554.25,11234336.195447
1242,227.201809761616,1362.03,53600017.444389,1817520,52814378.8409694
1243,227.20182351644,1412.16,5745895.99736977,307292.96875,5428538.16498261
1244,232.924749152606,692.97,199154071.855807,1868475.5,199081108.034001
1245,232.924740551712,968.43,23532661.03453,779020.625,23517961.4321809
1246,232.924771529549,1358.14,233535960.874656,10607269,233519067.851823
1247,232.924731702701,1197.73,6933788.08345587,328578.75,6923553.42703961
1248,232.924745372775,916.963,23184864.5558523,840109.125,23172046.805456
1249,232.924750872651,1263.82,23817522.7802027,318315.09375,23775521.9035757
1250,232.92475333706,774.258,43190938.5894323,1164198,43170458.1334495
1251,232.924749567486,872.168,58763039.5626476,904769.125,58730578.785993
1252,232.924743729768,999.576,9254096.32553848,570062.125,9246217.1681743
1253,232.924742556913,1029.16,12438377.9867133,454677.9375,12421408.6670187
1254,232.924739179204,1152.19,6498405.44741249,246749.96875,6483488.81849011
1255,232.924758708893,761.572,18910484.8012499,1225615,18903345.5218674
1256,232.924746200626,1106.44,2727406.22209821,152461.15625,2718690.58792737
1257,232.924746862459,1171.69,5975304.93496323,286834.0625,5965180.52619238
1258,232.924768145804,1423.54,18515837.5066407,813872,18502144.2769545
1259,234.932641976542,1398.17,2586090.53374291,150674.296875,2586061.12510654
1260,234.9325640644,1428.55,1712078.08621973,107751.125,1712051.61571973
1261,241.217484802747,1358.14,24384750.1577749,1115745,24140819.8320986
1262,241.217425953615,1439.92,2149595.40225361,145091.671875,2021348.70480024
1263,250.03678331102,1381.43,8333278.17750002,427204.71875,7789092.91091457
1264,250.036639415336,1350.31,3504196.41485579,371689.0625,3140932.50826761
1265,250.036764847791,1403.39,5903092.25781247,340390.125,5495726.44978652
1266,250.94776890871,1365.85,91675096.3843259,2511496,90172541.0505815
1267,253.217411140409,1360.62,65849306.0434744,1955159.625,65247944.1431092
1268,255.233061039745,215.014,893679086.309625,109294368,884845084.59067
1269,255.233061857318,1362.03,442055902.123168,10323786,410811886.876363
1270,256.086233455416,1377.49,19831856.0479894,709009.75,17824219.8045322
1271,256.086174174562,1356.82,8425359.71836801,528559.8125,7435898.44388437
1272,256.236412321742,1356.82,37736752.6982501,2036634.375,37572328.0290567
1273,256.236407878305,1381.43,28865697.7790626,1563341.375,28719928.7892765
1274,256.236396872386,1439.92,3121424.42229568,222652.203125,3034494.38929008
1275,260.129136827041,1390.48,1391276.84054839,117528.171875,1391260.27054839
1276,260.129183813019,1407.13,1310296.61777344,94438.1328125,1310278.81623497
1277,260.129228528749,1426.05,1406150.24520834,87063.859375,1406130.031875
1278,265.147914698262,1362.03,61254999.3313059,2308847.25,61254943.5848773
1279,265.147944338152,1432.35,4175764.10390626,231075.15625,4175742.62015626
1280,265.14800383358,1409.62,5467290.69287499,361532.875,5467270.39420833
1281,267.232926739534,1362.03,5631418.45660505,379389.5,5605572.24897975
1282,267.232949302473,1381.43,4248855.2021146,272867.375,4234093.8132104
1283,269.248671557281,1368.45,23736977.1462312,622019.375,23671891.1332516
1284,269.24871162999,1439.92,1330510.6665595,104997.5,1318881.64605634
1285,272.883269312441,815.078,79879822.3090417,1230450.5,79380839.6197682
1286,272.883317378549,1350.31,8624067.79174809,685044,8513835.26509811
1287,272.883259476466,918.221,10059767.9837474,375479,9898515.20912162
1288,272.883306793809,1384.09,6861397.88077151,415746.375,6750951.62164135
1289,272.883284621301,1423.54,3201893.99625003,203765.046875,3068404.23263235
1290,272.883306658835,889.968,8612069.84586912,470915.9375,8503499.0892525
1291,279.232967306863,1356.82,6450200.38114583,425724.75,6423913.34792387
1292,279.233008450548,1384.09,6413654.3855114,366715.46875,6381982.35505318
1293,279.232955867631,1410.87,2072120.71893841,166234.265625,2047677.83046197
1294,281.24863709846,1359.38,25728590.6541847,1265771.125,25626379.7586469
1295,281.248605431539,1380.15,12819056.8526137,1031954.5625,12768099.3154449
1296,281.248625600039,1439.92,4374263.92404167,273280.78125,4307842.06548926
1297,281.248628814144,1391.77,9034870.13701714,799742.875,8984413.93893505
1298,281.24863753394,1412.16,7621549.68321689,425106.375,7546544.72162089
1299,282.25198358261,1375.01,8623870.84915346,261518.21875,8623788.50858203
1300,282.251932613677,1439.92,511835.541727127,68373.5703125,511825.40458427
1301,283.264302394735,1358.14,118516783.875121,4640512.5,117758302.216677
1302,283.264291309768,1410.87,28176227.127361,1571596.375,27735233.653641
1303,284.267587396846,1359.38,41714724.66375,922864.375,41664485.6672667
1304,284.267655941793,1437.41,1813916.7014974,141383.15625,1804867.1476927
1305,309.174386784902,1365.85,23520376.5549386,728296.4375,23441832.4379977
1306,311.168992945011,1356.82,20328874.8528906,950451.3125,20320504.8404394
1307,311.1689830578,1385.33,8870636.37049482,546849.5,8864313.36649417
1308,311.168874711287,1439.92,1124777.48312891,108490.25,1121174.30587696
1309,325.184563131794,1360.62,21179792.2832986,1012365.25,21161803.8597336
1310,381.203441846347,1384.09,22101838.4427885,584201.3125,21861860.162338
1311,381.203201676735,1352.92,6682218.94710937,514479.125,6579205.21661015
1312,434.85517188167,1439.92,310830.386689457,63445.80859375,305629.131187137
1313,512.832586970066,1439.92,207499.204076454,36884.51953125,205894.55860099
