"","peakID","MSnParentPeakID","msLevel","rt","mz","intensity","Sample","GroupPeakMSn","CollisionEnergy"
"507",507,0,1,202.27,401.268676973071,837837.5,1,0,0
"511",511,0,1,207.21,409.117706511734,681124.5625,1,0,0
"561",561,0,1,208.914,439.128349879815,917705.125,1,0,0
"643",643,0,1,210.555,293.138236734672,584715.9375,1,0,0
"669",669,0,1,213.883,455.123307444066,771855.3125,1,0,0
"689",689,0,1,210.555,345.206048102938,2244053.5,1,0,0
"701",701,0,1,212.213,221.080789273636,621417.4375,1,0,0
"795",795,0,1,220.345,353.195870639496,683365.25,1,0,0
"850",850,0,1,222.004,680.48027326753,892057.1875,1,4126,0
"1138",1138,0,1,208.914,336.2168069009,1647519.875,1,0,0
"1152",1152,0,1,210.555,417.16736672321,2936892,1,0,0
"1194",1194,0,1,220.345,647.458867607769,1169222,1,4079,0
"1278",1278,0,1,241.333,244.09685675287,639390.25,1,0,0
"1336",1336,0,1,217.014,367.211639224153,1150866.75,1,2886,0
"1366",1366,0,1,224.132,258.206300649286,619509.6875,1,0,0
"1510",1510,0,1,223.511,654.33210175492,1054607.125,1,4092,0
"1514",1514,0,1,232.136,267.171824227173,1507241.375,1,0,0
"1539",1539,0,1,227.164,365.19597621407,1058359.875,1,0,0
"1608",1608,0,1,225.027,395.206559783575,701562.4375,1,0,0
"1639",1639,0,1,217.014,339.25306338457,729525,1,0,0
"1663",1663,0,1,208.914,251.127621682448,10716952,1,0,0
"1672",1672,0,1,207.21,319.19032510113,16997846,1,0,0
"1701",1701,0,1,254.538,273.180688283011,3130825.75,1,0,0
"1707",1707,0,1,254.538,311.136820850607,723304.1875,1,0,0
"1717",1717,0,1,233.045,447.274180982696,636006.1875,1,0,0
"1812",1812,0,1,210.555,349.200950395545,8487835,1,0,0
"1900",1900,0,1,223.511,379.211550562557,4685900.5,1,0,0
"1996",1996,0,1,207.21,333.205890709074,15416663,1,0,0
"2011",2011,0,1,223.511,560.471095202661,549954.375,1,3952,0
"2044",2044,0,1,259.492,282.181134264068,2401196.75,1,0,0
"2105",2105,0,1,272.759,229.047321262667,1618860.25,1,0,0
"2140",2140,0,1,241.333,257.042097420287,2833694.25,1,0,0
"2151",2151,0,1,272.759,264.089958547428,2606887.75,1,0,0
"2194",2194,0,1,208.914,363.216417857395,17580676,1,0,0
"2198",2198,0,1,247.94,369.203788777545,7133688.5,1,0,0
"2231",2231,0,1,224.132,666.512655225047,575206.375,1,4106,0
"2268",2268,0,1,232.136,279.15905122272,719467.0625,1,0,0
"2295",2295,0,1,241.333,387.180202048388,6072775,1,0,0
"2296",2296,0,1,276.035,387.180166503427,1328243.125,1,3053,0
"2379",2379,0,1,272.759,302.045949368442,674877,1,2320,0
"2490",2490,0,1,232.136,230.175062886604,729669.5,1,0,0
"2602",2602,0,1,276.035,407.238868326087,865296.5,1,0,0
"2643",2643,0,1,207.21,265.143257091066,8532268,1,0,0
"2661",2661,0,1,289.326,425.191932208132,1219253.875,1,0,0
"2726",2726,0,1,262.816,228.123058565225,913651.5625,1,0,0
"2737",2737,0,1,249.596,355.154017643497,1822416.75,1,0,0
"2738",2738,0,1,277.66,355.153921630696,523182.78125,1,0,0
"2745",2745,0,1,285.949,393.223163851483,1312190.625,1,0,0
"2754",2754,0,1,247.94,213.148523973431,2801131.75,1,0,0
"2909",2909,0,1,285.949,412.126953085597,927306.625,1,3241,0
"2974",2974,0,1,247.94,348.274455958668,9167685,1,0,0
"2986",2986,0,1,259.492,262.107317896804,726167.75,1,0,0
"3021",3021,0,1,239.691,241.179731360389,538997,1,0,0
"3065",3065,0,1,295.947,371.192502233367,759794.25,1,0,0
"3082",3082,0,1,244.618,246.169943731003,625366.6875,1,0,0
"3098",3098,0,1,246.263,295.226807505402,2614518,1,2256,0
"3117",3117,0,1,297.61,379.159864087772,1331633,1,0,0
"3119",3119,0,1,198.275,158.128801788541,733608.1875,1,0,0
"3162",3162,0,1,297.61,397.170582335679,999861.375,1,0,0
"3178",3178,0,1,246.263,229.143528813338,1734771.875,1,0,0
"3228",3228,0,1,232.136,338.341704314139,2003195.625,1,0,0
"3229",3229,0,1,267.793,338.341704605934,865970.75,1,0,0
"3239",3239,0,1,290.97,281.089721564426,1940859.5,1,0,0
"3261",3261,0,1,299.252,365.191802181231,661608.625,1,0,0
"3278",3278,0,1,241.333,404.206828703944,8799440,1,0,0
"3279",3279,0,1,325.597,404.206690700533,632657.8125,1,0,0
"3280",3280,0,1,276.035,404.206821021457,1601519.875,1,3184,0
"3283",3283,0,1,305.869,553.369210276092,1858838.875,1,0,0
"3284",3284,0,1,269.429,553.369237871939,2942781.25,1,3936,0
"3300",3300,0,1,294.295,261.090269805297,534290.5,1,0,0
"3321",3321,0,1,292.645,326.171094701666,1025580.875,1,0,0
"3347",3347,0,1,319.095,452.213752033626,929819.75,1,0,0
"3379",3379,0,1,312.489,425.135990944096,696457.9375,1,0,0
"3380",3380,0,1,274.391,425.1360802104,823868.0625,1,0,0
"3381",3381,0,1,224.132,515.413096644221,5932996,1,0,0
"3383",3383,0,1,271.068,515.413136668088,1112452.625,1,0,0
"3384",3384,0,1,294.295,515.413168731022,725037.5625,1,3814,0
"3398",3398,0,1,247.94,195.138007694389,2341237.25,1,0,0
"3416",3416,0,1,241.333,236.112831539846,14296843,1,0,0
"3504",3504,0,1,280.956,202.143804550746,2075265.75,1,0,0
"3513",3513,0,1,285.949,340.186775018841,3719170.25,1,0,0
"3517",3517,0,1,284.307,374.17105539302,4890571,1,0,0
"3602",3602,0,1,280.956,222.112471206564,2409287,1,0,0
"3641",3641,0,1,322.378,532.439885944974,2322800.5,1,0,0
"3642",3642,0,1,272.759,532.439917399423,5395507,1,3881,0
"3672",3672,0,1,297.61,414.1970004096,2054391.875,1,0,0
"3727",3727,0,1,323.986,362.111133918275,1286300.125,1,2846,0
"3863",3863,0,1,319.095,351.176138239947,636005.0625,1,0,0
"3952",3952,0,1,305.869,422.213340267847,520857.46875,1,0,0
"3998",3998,0,1,264.448,141.054618898228,526053.5625,1,545,0
"4037",4037,0,1,266.097,184.0604822471,3334039,1,0,0
"4059",4059,0,1,333.771,258.073717239512,639961.5625,1,0,0
"4069",4069,0,1,366.023,279.154556637625,1244108.125,1,2075,0
"4140",4140,0,1,369.162,201.086940025961,620985,1,0,0
"4188",4188,0,1,261.137,163.132854134775,2080965.75,1,0,0
"4225",4225,0,1,356.356,245.128372340557,4152156.75,1,0,0
"4226",4226,0,1,280.956,245.128398323228,2817579.25,1,0,0
"4227",4227,0,1,388.511,245.128402495678,1502986.125,1,0,0
"4228",4228,0,1,335.389,245.128360424227,3250163.25,1,0,0
"4300",4300,0,1,336.971,211.144099728045,4196145.5,1,0,0
"4301",4301,0,1,276.035,211.144124973351,5986150.5,1,0,0
"4332",4332,0,1,366.023,261.123231560243,1881725.25,1,0,0
"4339",4339,0,1,287.658,277.118247654686,1575378.25,1,0,0
"4349",4349,0,1,411.169,309.037202322003,896041.9375,1,0,0
"4355",4355,0,1,411.169,340.186755204887,1392611.375,1,0,0
"4440",4440,0,1,412.856,296.135469565522,5690897,1,0,0
"4482",4482,0,1,287.658,188.12811484687,3056086.75,1,0,0
"4486",4486,0,1,256.186,188.1281069097,540962.9375,1,0,0
"4498",4498,0,1,402.984,211.036708528079,927433,1,0,0
"4534",4534,0,1,231.118,111.116831752019,1690789.375,1,234,0
"4574",4574,0,1,412.856,246.079479372263,3173282,1,1709,0
"4577",4577,0,1,415.76,279.154968306716,5004965,1,0,0
"4597",4597,0,1,333.771,173.128494836372,1986343.375,1,0,0
"4599",4599,0,1,393.379,173.128509400806,2267011.25,1,0,0
"4632",4632,0,1,338.596,286.139548421578,765719.5,1,0,0
"4637",4637,0,1,411.169,301.118357848785,5366311,1,0,0
"4641",4641,0,1,343.437,301.118294385502,597725.75,1,0,0
"4664",4664,0,1,414.351,162.058347597471,4714297,1,774,0
"4700",4700,0,1,417.343,341.170818094506,2475091.75,1,0,0
"4714",4714,0,1,415.76,251.15013936244,2996526,1,1765,0
"4717",4717,0,1,415.76,303.134041374472,3528785.25,1,0,0
"4736",4736,0,1,418.937,154.097446138609,2889360,1,0,0
"4757",4757,0,1,415.76,314.159810641125,3783905.25,1,0,0
"4834",4834,0,1,412.856,271.081190088818,1589122,1,0,0
"4845",4845,0,1,401.403,137.059751406536,2707121.5,1,0,0
"4847",4847,0,1,367.636,137.059740101842,1498151.625,1,0,0
"4848",4848,0,1,338.596,137.059726006265,830693.9375,1,0,0
"4853",4853,0,1,414.351,192.101921622091,3241131.75,1,0,0
"4863",4863,0,1,328.887,254.102150812411,885271.75,1,0,0
"4895",4895,0,1,336.971,238.10728794727,700718.875,1,0,0
"4896",4896,0,1,282.658,238.10733538312,1418067.875,1,0,0
"4898",4898,0,1,411.169,243.133952096474,5595334,1,0,0
"4901",4901,0,1,418.937,248.100451996432,3105477.25,1,0,0
"4934",4934,0,1,398.266,169.097159354658,2166335.25,1,0,0
"4937",4937,0,1,274.391,173.080919913574,560987.625,1,0,0
"4948",4948,0,1,418.937,209.092077142357,17297222,1,0,0
"4961",4961,0,1,412.856,243.097544981806,4750922.5,1,0,0
"4977",4977,0,1,338.596,396.069172224625,1798972.5,1,3124,0
"4981",4981,0,1,361.205,146.117559078191,15711412,1,606,0
"5011",5011,0,1,412.856,298.096913676591,24525178,1,0,0
"5019",5019,0,1,420.459,358.113240972039,4473694.5,1,0,0
"5020",5020,0,1,415.76,375.139862634804,4992472,1,2957,0
"5025",5025,0,1,364.447,168.101942620366,1809339.125,1,839,0
"5028",5028,0,1,335.389,168.10193540888,1026995.4375,1,0,0
"5039",5039,0,1,415.76,226.118509824527,84968304,1,0,0
"5045",5045,0,1,414.351,342.15490403408,3959474,1,0,0
"5046",5046,0,1,345.073,342.154822163,916221.1875,1,0,0
"5057",5057,0,1,431.55,179.070246259856,728928.3125,1,0,0
"5066",5066,0,1,418.937,196.060481892838,11354020,1,0,0
"5090",5090,0,1,420.459,123.047408050755,19115414,1,0,0
"5091",5091,0,1,373.982,123.047419082826,1286808.25,1,0,0
"5114",5114,0,1,461.451,452.213777884103,826206.1875,1,3515,0
"5138",5138,0,1,441.118,371.073760333721,770948.1875,1,0,0
"5157",5157,0,1,282.658,204.123139495486,1808163.125,1,0,0
"5165",5165,0,1,418.937,264.074343929109,19988172,1,0,0
"5166",5166,0,1,373.982,264.074404207297,2885606.25,1,0,0
"5172",5172,0,1,439.601,478.204873885997,839940.4375,1,3658,0
"5179",5179,0,1,277.66,166.122694983503,669450.875,1,0,0
"5189",5189,0,1,417.343,235.118837076394,33695808,1,0,0
"5195",5195,0,1,439.601,345.12923509668,2793049.75,1,0,0
"5201",5201,0,1,436.411,89.0596543492934,594607.4375,1,73,0
"5204",5204,0,1,415.76,146.060078470851,3054361,1,0,0
"5212",5212,0,1,431.55,230.048101695486,950791.25,1,0,0
"5228",5228,0,1,369.162,282.119546624085,5868165,1,0,0
"5230",5230,0,1,351.548,282.119550737781,3852190.75,1,0,0
"5232",5232,0,1,436.411,318.15480830806,781724.4375,1,0,0
"5236",5236,0,1,441.118,449.107849755363,1112921.625,1,3495,0
"5253",5253,0,1,423.56,260.112736822434,3063739,1,0,0
"5255",5255,0,1,437.977,273.094170212363,1709613.25,1,2001,0
"5265",5265,0,1,359.574,130.086303009898,4469224,1,0,0
"5273",5273,0,1,420.459,178.049836894254,10147674,1,0,0
"5285",5285,0,1,242.973,210.112514278356,1873471,1,0,0
"5288",5288,0,1,393.379,210.112459308457,1108180.75,1,0,0
"5293",5293,0,1,437.977,268.138892700222,6745983.5,1,0,0
"5305",5305,0,1,415.76,140.070598827816,4402192.5,1,0,0
"5306",5306,0,1,338.596,140.070601020076,1186673.75,1,0,0
"5307",5307,0,1,367.636,140.070602605764,1611569.375,1,0,0
"5327",5327,0,1,398.266,199.107744425083,3558672.25,1,0,0
"5334",5334,0,1,437.977,289.068235686239,7053788.5,1,0,0
"5337",5337,0,1,442.725,310.128454435256,3046689.75,1,0,0
"5338",5338,0,1,335.389,310.128430673186,1179316.5,1,0,0
"5339",5339,0,1,367.636,310.128478349059,1052304,1,0,0
"5341",5341,0,1,420.459,310.128452924103,1418035.375,1,0,0
"5350",5350,0,1,439.601,366.094991041192,1825821.375,1,0,0
"5381",5381,0,1,327.249,197.128462119775,1445342.875,1,0,0
"5410",5410,0,1,362.816,148.096789825886,2429457.5,1,0,0
"5415",5415,0,1,437.977,177.075758726963,678124.3125,1,0,0
"5428",5428,0,1,453.839,377.145253265027,1210316.5,1,2975,0
"5430",5430,0,1,453.839,95.0603599443342,944734.625,1,0,0
"5444",5444,0,1,449.228,156.065482654187,2161990.5,1,0,0
"5450",5450,0,1,431.55,174.14888105238,4358230,1,0,0
"5455",5455,0,1,261.137,180.065500354585,561599.5625,1,0,0
"5457",5457,0,1,421.928,185.092044584987,15603956,1,0,0
"5464",5464,0,1,453.839,312.129970016343,2223437,1,2411,0
"5467",5467,0,1,423.56,324.155391593201,1680590.75,1,0,0
"5468",5468,0,1,450.859,324.155386272402,1270350.125,1,0,0
"5470",5470,0,1,323.986,324.155384426929,3103899.75,1,0,0
"5474",5474,0,1,428.316,453.198081683645,1134497.375,1,3527,0
"5476",5476,0,1,411.169,96.0443952477889,22300980,1,0,0
"5477",5477,0,1,369.162,96.0443742092989,7270510.5,1,0,0
"5483",5483,0,1,349.936,162.091318261437,9189897,1,0,0
"5495",5495,0,1,411.169,239.13894155935,963431.9375,1,1643,0
"5511",5511,0,1,434.838,170.081153069326,5154108.5,1,0,0
"5515",5515,0,1,453.839,201.086920511177,1066823.25,1,0,0
"5522",5522,0,1,357.944,215.10263652733,1019450.375,1,0,0
"5571",5571,0,1,325.597,220.117943629551,2264238.75,1,0,0
"5572",5572,0,1,431.55,220.117941688465,2103804.25,1,0,0
"5575",5575,0,1,348.335,220.117948498345,1661824.875,1,0,0
"5589",5589,0,1,261.137,194.117623202056,2073105.5,1,0,0
"5600",5600,0,1,461.451,141.054577998215,2604679.25,1,546,0
"5601",5601,0,1,299.252,186.076099382837,1018755.0625,1,0,0
"5603",5603,0,1,343.437,186.076094640946,957791.125,1,0,0
"5620",5620,0,1,439.601,166.049868070933,3963017.75,1,0,0
"5624",5624,0,1,418.937,166.049908545078,983750.9375,1,0,0
"5626",5626,0,1,464.563,194.044762313772,1435853.875,1,1143,0
"5628",5628,0,1,421.928,200.091693537038,2532733.25,1,0,0
"5629",5629,0,1,297.61,200.091747332792,536263.75,1,0,0
"5653",5653,0,1,464.563,237.086858187745,1436177,1,0,0
"5657",5657,0,1,336.971,364.161346444729,911588.875,1,0,0
"5658",5658,0,1,461.451,364.161291153753,1110824.75,1,0,0
"5660",5660,0,1,369.162,364.161330287264,736673.75,1,0,0
"5677",5677,0,1,431.55,231.097501348976,1023362.1875,1,0,0
"5683",5683,0,1,461.451,320.133976362797,4455804,1,2493,0
"5690",5690,0,1,453.839,150.091337343555,24452186,1,0,0
"5691",5691,0,1,469.081,217.106999727491,1054170.5,1,0,0
"5702",5702,0,1,336.971,194.081170365445,2951088.5,1,0,0
"5705",5705,0,1,290.97,194.081211473772,2328358.25,1,0,0
"5720",5720,0,1,467.497,332.110532550712,3813210,1,2602,0
"5721",5721,0,1,428.316,332.110520900745,1969115,1,0,0
"5725",5725,0,1,467.497,73.0647738643259,1251873.75,1,19,0
"5730",5730,0,1,428.316,228.105811057612,3918090.75,1,1517,0
"5737",5737,0,1,467.497,316.136725959748,2756096,1,0,0
"5753",5753,0,1,465.941,247.057749989213,5596634.5,1,0,0
"5756",5756,0,1,370.755,265.058384222991,5014377.5,1,1915,0
"5757",5757,0,1,452.477,265.058319524362,4145812,1,1916,0
"5759",5759,0,1,470.663,286.0686008187,3286084.75,1,0,0
"5782",5782,0,1,465.941,338.144423728394,2876436.5,1,2655,0
"5783",5783,0,1,472.247,355.161166015857,4316693,1,0,0
"5784",5784,0,1,336.971,355.161353573269,2913019,1,0,0
"5785",5785,0,1,431.55,355.161134337584,2486488.25,1,0,0
"5786",5786,0,1,366.023,355.16120796649,2600202.5,1,0,0
"5813",5813,0,1,455.404,124.075720106699,3736090.75,1,0,0
"5821",5821,0,1,469.081,271.15784400591,4606465,1,0,0
"5966",5966,0,1,465.941,291.083816793329,31946774,1,2203,0
"5972",5972,0,1,492.078,515.210412213549,729901.5625,1,3816,0
"5996",5996,0,1,492.078,370.16091657149,1803385.375,1,0,0
"6007",6007,0,1,362.816,182.081230824022,1846689.25,1,0,0
"6032",6032,0,1,492.078,344.097651332632,4069231,1,2700,0
"6037",6037,0,1,479.856,483.220009482088,1200005.875,1,0,0
"6092",6092,0,1,453.839,113.07089584073,67696664,1,256,0
"6121",6121,0,1,501.499,537.193032105584,674334.875,1,0,0
"6124",6124,0,1,482.708,84.0443339778573,2563670.25,1,0,0
"6126",6126,0,1,453.839,84.0442736238786,1466210,1,0,0
"6153",6153,0,1,488.914,187.071327237856,4572778.5,1,0,0
"6161",6161,0,1,499.945,217.081919532768,1842551.625,1,0,0
"6187",6187,0,1,499.945,318.095070202487,1658730.25,1,2469,0
"6188",6188,0,1,442.725,328.139015571262,27017566,1,0,0
"6189",6189,0,1,336.971,328.139064710143,9960381,1,0,0
"6205",6205,0,1,490.529,490.192127754584,3487288,1,3719,0
"6206",6206,0,1,455.404,490.191817832785,809114.875,1,0,0
"6209",6209,0,1,399.845,100.07567304947,1087796.625,1,145,0
"6210",6210,0,1,338.596,100.07565773328,614997.3125,1,0,0
"6212",6212,0,1,398.266,110.060069425695,17992980,1,0,0
"6213",6213,0,1,490.529,110.060074577316,19189342,1,225,0
"6214",6214,0,1,340.222,110.060065331761,5806584,1,0,0
"6216",6216,0,1,367.636,110.06006869077,10023407,1,0,0
"6226",6226,0,1,262.816,152.107008067477,24878796,1,0,0
"6228",6228,0,1,412.856,152.10702754944,3091708,1,0,0
"6232",6232,0,1,231.118,152.106993239959,21116766,1,0,0
"6233",6233,0,1,302.58,152.10700214367,6949068.5,1,0,0
"6234",6234,0,1,503.087,154.049895461968,874294.8125,1,0,0
"6238",6238,0,1,552.2,160.096831249946,5719685,1,755,0
"6247",6247,0,1,482.708,171.076425950315,1368027.125,1,0,0
"6252",6252,0,1,395.008,180.10186075695,18120308,1,0,0
"6255",6255,0,1,485.714,180.101882403424,6098367,1,0,0
"6260",6260,0,1,271.068,180.101890609814,5773361,1,980,0
"6261",6261,0,1,341.835,180.10185065453,7265322,1,0,0
"6277",6277,0,1,412.856,216.123120545685,20380012,1,1395,0
"6278",6278,0,1,349.936,216.123043091802,2487444,1,0,0
"6284",6284,0,1,369.162,235.144018234125,2623154.25,1,0,0
"6285",6285,0,1,433.22,235.14397021296,1709748.375,1,0,0
"6290",6290,0,1,479.856,242.113423089858,14596504,1,0,0
"6299",6299,0,1,498.327,284.073914029078,1125596.75,1,0,0
"6301",6301,0,1,481.199,312.11121695755,8675192,1,0,0
"6318",6318,0,1,499.945,133.049540081562,899829.8125,1,0,0
"6320",6320,0,1,461.451,138.091341780726,2308279.5,1,0,0
"6329",6329,0,1,453.839,174.112482231571,2641192.5,1,0,0
"6330",6330,0,1,297.61,174.112508988019,1051663.875,1,0,0
"6357",6357,0,1,412.856,198.112521732019,9452171,1,0,0
"6361",6361,0,1,369.162,198.112461358661,1762845.25,1,0,0
"6376",6376,0,1,425.094,227.102521792141,37108880,1,0,0
"6377",6377,0,1,323.986,227.102534772413,17974204,1,0,0
"6382",6382,0,1,439.601,240.122887342815,2764690.75,1,0,0
"6384",6384,0,1,345.073,240.122880431149,857412.0625,1,0,0
"6388",6388,0,1,395.008,240.122915222775,1072639.875,1,0,0
"6390",6390,0,1,441.118,252.108905303159,195990016,1,0,0
"6400",6400,0,1,476.731,302.121110480659,847742.5625,1,0,0
"6436",6436,0,1,498.327,113.034548369709,24583828,1,0,0
"6439",6439,0,1,425.094,126.054944678665,129416752,1,375,0
"6459",6459,0,1,398.266,132.065533381708,3492003,1,0,0
"6461",6461,0,1,361.205,152.070615216721,3546856.5,1,0,0
"6463",6463,0,1,395.008,152.07061827568,2444398,1,0,0
"6470",6470,0,1,465.941,160.133176273765,64892632,1,0,0
"6483",6483,0,1,367.636,174.076122575975,1805227.5,1,904,0
"6486",6486,0,1,399.845,174.076135484914,1198694.25,1,0,0
"6490",6490,0,1,465.941,180.086592261098,5205721.5,1,0,0
"6500",6500,0,1,507.882,288.107628639823,2963981.25,1,0,0
"6518",6518,0,1,262.816,121.064808745099,4515600,1,0,0
"6519",6519,0,1,475.196,121.064808549865,2997760.5,1,0,0
"6520",6520,0,1,198.275,121.064787610294,3633982,1,0,0
"6521",6521,0,1,357.944,121.064796239459,660316.4375,1,0,0
"6524",6524,0,1,302.58,121.064798070701,1362361.625,1,0,0
"6528",6528,0,1,441.118,136.061768297148,18675760,1,487,0
"6535",6535,0,1,495.219,136.06183158389,5713658.5,1,0,0
"6540",6540,0,1,470.663,136.061654482781,6020894,1,0,0
"6546",6546,0,1,340.222,158.081196608497,3984181.75,1,0,0
"6547",6547,0,1,436.411,158.081175054235,3106986.25,1,0,0
"6550",6550,0,1,388.511,158.081207348705,2121183,1,0,0
"6551",6551,0,1,304.226,158.081213677225,1884103.5,1,0,0
"6556",6556,0,1,479.856,188.091709949065,785656.1875,1,0,0
"6558",6558,0,1,509.478,195.087697576847,1098952.625,1,0,0
"6560",6560,0,1,442.725,204.086714951857,897563.5625,1,0,0
"6571",6571,0,1,472.247,230.102282107821,8779046,1,0,0
"6581",6581,0,1,498.327,245.076777546991,12908649,1,0,0
"6590",6590,0,1,434.838,116.070595240303,9216612,1,0,0
"6593",6593,0,1,396.639,116.070607833201,3395146.5,1,277,0
"6596",6596,0,1,482.708,130.049886644067,222490048,1,0,0
"6597",6597,0,1,456.981,130.049863742809,107968344,1,0,0
"6603",6603,0,1,343.437,166.086289576561,1006859.6875,1,0,0
"6636",6636,0,1,501.499,262.128404171921,15575417,1,0,0
"6637",6637,0,1,475.196,262.128463615017,3543238.75,1,0,0
"6646",6646,0,1,469.081,294.154474196825,74165608,1,2240,0
"6647",6647,0,1,377.24,294.154527874844,16260857,1,0,0
"6648",6648,0,1,434.838,294.15449831058,46309508,1,0,0
"6653",6653,0,1,493.619,406.182105370536,1290205.375,1,0,0
"6655",6655,0,1,511.122,437.16326005273,804385.125,1,0,0
"6656",6656,0,1,507.882,456.207500791695,7370315.5,1,3548,0
"6657",6657,0,1,476.731,456.207643005525,2073112.25,1,0,0
"6663",6663,0,1,465.941,145.049529124606,9983402,1,0,0
"6668",6668,0,1,507.882,157.060784447964,67602576,1,0,0
"6669",6669,0,1,467.497,163.06003088067,8368275.5,1,0,0
"6676",6676,0,1,485.714,176.091754548831,6138956,1,0,0
"6683",6683,0,1,493.619,218.102307844165,1097402.875,1,0,0
"6686",6686,0,1,512.639,250.079698957675,779477.6875,1,0,0
"6688",6688,0,1,470.663,268.103821344859,217549520,1,0,0
"6691",6691,0,1,495.219,298.11459216755,2756489.25,1,0,0
"6694",6694,0,1,503.087,367.150018754413,10894032,1,0,0
"6695",6695,0,1,490.529,382.053484433043,1711456.875,1,3019,0
"6701",6701,0,1,479.856,126.066243134618,22873672,1,0,0
"6710",6710,0,1,429.939,144.06553512914,3307361.75,1,0,0
"6721",6721,0,1,398.266,146.081167827973,1703246,1,0,0
"6733",6733,0,1,305.869,190.10735116754,2236525.25,1,0,0
"6736",6736,0,1,364.447,190.107341483477,2161609.5,1,0,0
"6745",6745,0,1,469.081,253.127999261525,44630328,1,0,0
"6748",6748,0,1,511.122,300.120584070615,813338.0625,1,0,0
"6749",6749,0,1,506.305,306.168672019823,873301.375,1,0,0
"6752",6752,0,1,492.078,361.124126381608,5515246.5,1,0,0
"6757",6757,0,1,484.215,386.166917803283,1332725.625,1,0,0
"6768",6768,0,1,492.078,164.034185369516,9121236,1,794,0
"6769",6769,0,1,515.839,164.034123421624,2389919,1,0,0
"6782",6782,0,1,507.882,276.659830118298,976053.1875,1,0,0
"6786",6786,0,1,514.206,127.050157929705,5519538.5,1,0,0
"6791",6791,0,1,229.968,199.169289218387,4431179.5,1,0,0
"6792",6792,0,1,198.275,199.169253957058,1276593.125,1,0,0
"6793",6793,0,1,267.793,199.169292536561,1236245.25,1,0,0
"6795",6795,0,1,495.219,248.11277877935,1411859.75,1,0,0
"6799",6799,0,1,399.845,258.108371417609,1183400.375,1,0,0
"6800",6800,0,1,455.404,258.10830712417,11986605,1,0,0
"6805",6805,0,1,501.499,280.138931035745,91634088,1,0,0
"6806",6806,0,1,475.196,280.138918544536,19627418,1,0,0
"6812",6812,0,1,517.401,204.122986316849,2842943.25,1,1264,0
"6813",6813,0,1,498.327,204.123102767916,1017449.4375,1,0,0
"6818",6818,0,1,229.968,304.248219410968,5834419,1,2344,0
"6819",6819,0,1,515.839,345.176742129817,5083952.5,1,0,0
"6823",6823,0,1,364.447,104.070584396622,3003261.75,1,0,0
"6828",6828,0,1,504.664,291.163206842786,2360101,1,0,0
"6829",6829,0,1,512.639,330.058500943281,985053.0625,1,2579,0
"6830",6830,0,1,514.206,432.207580907617,2542911,1,3395,0
"6836",6836,0,1,514.206,144.101899809727,20558954,1,0,0
"6837",6837,0,1,493.619,144.101959309285,7969006.5,1,0,0
"6844",6844,0,1,504.664,276.157998189939,3014526.25,1,0,0
"6846",6846,0,1,507.882,212.095258167656,4877176.5,1,0,0
"6847",6847,0,1,492.078,212.095278665827,3497563,1,0,0
"6857",6857,0,1,531.377,352.244163640246,13663582,1,2763,0
"6868",6868,0,1,529.717,236.168342279827,60276380,1,1611,0
"6889",6889,0,1,529.717,257.146920764641,9743836,1,0,0
"6919",6919,0,1,548.931,244.079143547492,1392047.875,1,0,0
"6923",6923,0,1,542.701,300.105342385521,2268430.25,1,0,0
"6941",6941,0,1,515.839,314.084521284899,2782856,1,0,0
"6945",6945,0,1,506.305,442.19202918266,951456.0625,1,0,0
"6998",6998,0,1,528.465,344.133921709341,3716993.5,1,0,0
"7026",7026,0,1,552.2,232.063725845319,2827090.75,1,1554,0
"7126",7126,0,1,553.849,198.123671561835,2858460.75,1,1192,0
"7157",7157,0,1,552.2,175.107718498755,11350431,1,0,0
"7188",7188,0,1,553.849,176.091714215831,7803256,1,0,0
"7194",7194,0,1,526.79,274.091882317807,25345662,1,0,0
"7201",7201,0,1,561.704,366.150696111648,831787.4375,1,0,0
"7206",7206,0,1,558.539,402.150505436592,1496506.75,1,0,0
"7214",7214,0,1,545.842,138.054911716754,384414944,1,0,0
"7216",7216,0,1,556.971,150.077461922002,7811944,1,0,0
"7225",7225,0,1,547.35,189.123283052406,34691132,1,0,0
"7233",7233,0,1,560.155,245.095877848191,10492509,1,0,0
"7236",7236,0,1,555.405,276.659760666491,1449959.125,1,2037,0
"7249",7249,0,1,564.868,422.249509667682,535266,1,3322,0
"7255",7255,0,1,550.569,123.04030328019,810376.5625,1,0,0
"7257",7257,0,1,517.401,132.101880365186,17980668,1,0,0
"7258",7258,0,1,398.266,132.101919510175,6259206.5,1,0,0
"7259",7259,0,1,345.073,132.101913274001,3555702,1,0,0
"7267",7267,0,1,567.96,374.155705050449,659053.1875,1,0,0
"7277",7277,0,1,548.931,204.086661403801,5739649,1,0,0
"7278",7278,0,1,488.914,241.154569496006,5623352.5,1,0,0
"7279",7279,0,1,544.335,241.15449778004,2135867,1,0,0
"7280",7280,0,1,523.727,241.154360245881,2176975,1,0,0
"7286",7286,0,1,558.539,436.144945814375,5006882.5,1,3411,0
"7287",7287,0,1,556.971,104.070572165733,7392522,1,0,0
"7288",7288,0,1,560.155,112.050499421848,79167936,1,0,0
"7289",7289,0,1,532.213,118.086159872551,1627044352,1,0,0
"7290",7290,0,1,182.07,118.08622760751,576400.75,1,0,0
"7294",7294,0,1,398.266,118.086232864735,2404684,1,0,0
"7313",7313,0,1,542.701,278.123254868097,128668136,1,0,0
"7314",7314,0,1,517.401,278.123279039508,2485288,1,0,0
"7316",7316,0,1,545.842,342.139388464779,652510.625,1,0,0
"7322",7322,0,1,563.35,276.157898695946,4472929.5,1,0,0
"7330",7330,0,1,550.569,282.118127186228,18138892,1,0,0
"7344",7344,0,1,583.484,153.060041622435,891428.6875,1,0,0
"7407",7407,0,1,578.233,231.133773571877,33713896,1,1544,0
"7413",7413,0,1,588.333,295.113552690165,7628291.5,1,0,0
"7441",7441,0,1,576.787,138.052489372876,14126385,1,515,0
"7444",7444,0,1,583.484,162.112381823864,7164094.5,1,0,0
"7446",7446,0,1,569.538,162.112387792339,6256758,1,779,0
"7455",7455,0,1,490.529,229.154645360362,41169524,1,0,0
"7456",7456,0,1,571.17,229.154567095406,17165928,1,0,0
"7457",7457,0,1,523.727,229.154581560063,3758999.25,1,0,0
"7458",7458,0,1,542.701,229.154633946244,4645416,1,0,0
"7461",7461,0,1,596.213,250.092124953938,3170306.5,1,0,0
"7463",7463,0,1,591.521,252.107632143686,43258284,1,1777,0
"7465",7465,0,1,594.651,255.107362874016,2163929.5,1,0,0
"7468",7468,0,1,569.538,318.129513932627,10286538,1,0,0
"7469",7469,0,1,550.569,318.12956627747,3100506.75,1,0,0
"7482",7482,0,1,588.333,175.05768369221,13321028,1,909,0
"7487",7487,0,1,589.897,239.150229434432,1136850.5,1,1640,0
"7499",7499,0,1,576.787,440.176175291093,1902152.625,1,0,0
"7503",7503,0,1,593.144,192.122970399412,1266417,1,0,0
"7518",7518,0,1,581.946,143.08148903158,9232217,1,570,0
"7528",7528,0,1,596.213,237.115919085317,778372,1,1621,0
"7529",7529,0,1,596.213,286.112989781467,1477683.125,1,0,0
"7533",7533,0,1,566.432,130.086235017997,150656560,1,0,0
"7535",7535,0,1,591.521,204.086664089421,655031.75,1,0,0
"7541",7541,0,1,581.946,284.09865618775,44995052,1,0,0
"7547",7547,0,1,588.333,153.075714931946,27649718,1,0,0
"7552",7552,0,1,596.213,148.06040373628,4171919.5,1,625,0
"7554",7554,0,1,597.837,188.055294997115,1037523.375,1,1081,0
"7555",7555,0,1,596.213,236.112793677987,8158755,1,0,0
"7556",7556,0,1,604.295,261.117517477109,1088318.625,1,0,0
"7671",7671,0,1,613.791,307.100063762034,1876987.125,1,2369,0
"7695",7695,0,1,620.156,217.068199909557,711989.25,1,1409,0
"7704",7704,0,1,616.951,307.150001746364,668734.1875,1,0,0
"7731",7731,0,1,612.141,283.139861713082,2387892.25,1,2114,0
"7756",7756,0,1,613.791,200.112937924375,9786658,1,0,0
"7764",7764,0,1,613.791,247.140196642306,921989.3125,1,0,0
"7771",7771,0,1,616.951,273.107953083291,1042472.75,1,2002,0
"7772",7772,0,1,605.942,280.091864986006,68835760,1,2083,0
"7778",7778,0,1,564.868,307.176478698631,2147631.25,1,0,0
"7791",7791,0,1,618.534,430.155708865506,1242967.125,1,0,0
"7795",7795,0,1,620.156,488.197591609914,672213.5,1,3708,0
"7844",7844,0,1,605.942,259.113267778837,82566488,1,0,0
"7846",7846,0,1,596.213,268.102499305613,10000047,1,0,0
"7876",7876,0,1,616.951,414.160611504051,2240855.75,1,3254,0
"7889",7889,0,1,613.791,383.326861227386,772121.75,1,3030,0
"7922",7922,0,1,627.898,217.129487848985,3608212.5,1,0,0
"7923",7923,0,1,623.31,220.081553831336,7531595,1,0,0
"7924",7924,0,1,634.159,269.130101468788,595068,1,0,0
"7929",7929,0,1,566.432,323.171338539666,2693045.5,1,0,0
"7930",7930,0,1,616.951,323.171489634825,1222453.5,1,0,0
"7936",7936,0,1,624.875,498.259933271864,991758.8125,1,3745,0
"7939",7939,0,1,624.875,189.123310891314,1069199.625,1,0,0
"7944",7944,0,1,627.898,337.110296330162,3339295,1,0,0
"7948",7948,0,1,631.008,83.0602409074169,1108362.875,1,48,0
"7966",7966,0,1,634.159,268.127411634713,6015585,1,1950,0
"7973",7973,0,1,605.942,104.106950979481,3910000.75,1,181,0
"7982",7982,0,1,627.898,401.337341659284,1073005,1,3169,0
"8022",8022,0,1,635.793,420.162815537767,9389773,1,3306,0
"8034",8034,0,1,635.793,229.129425511273,1898347.25,1,0,0
"8051",8051,0,1,629.489,147.076345988984,15542195,1,0,0
"8067",8067,0,1,621.8,335.094809068289,1467306.125,1,0,0
"8072",8072,0,1,645.093,417.160267749518,544794.1875,1,3281,0
"8099",8099,0,1,648.288,434.186969341485,1468289.625,1,3400,0
"8100",8100,0,1,627.898,434.186768478527,717280.375,1,0,0
"8119",8119,0,1,629.489,153.075667282679,1611846.5,1,682,0
"8131",8131,0,1,643.583,330.139414485565,2562175.5,1,0,0
"8133",8133,0,1,621.8,330.139406651529,2000581.875,1,0,0
"8136",8136,0,1,656.328,418.155390812195,1213754.25,1,0,0
"8159",8159,0,1,645.093,86.0599992918796,1064053.375,1,61,0
"8163",8163,0,1,637.43,216.063200300233,12761243,1,0,0
"8168",8168,0,1,654.845,351.212559214812,1050307,1,2759,0
"8211",8211,0,1,634.159,248.112693335134,16560416,1,1732,0
"8229",8229,0,1,659.611,707.221622864375,667141.75,1,4151,0
"8247",8247,0,1,649.935,203.113866078552,9487372,1,0,0
"8256",8256,0,1,613.791,165.075827099904,20498662,1,0,0
"8273",8273,0,1,661.265,590.229457683472,2421919,1,4005,0
"8282",8282,0,1,646.7,248.058619311348,5021006.5,1,1725,0
"8299",8299,0,1,648.288,428.176271545212,28078590,1,3365,0
"8315",8315,0,1,651.594,386.165654009419,1644810.625,1,3049,0
"8332",8332,0,1,653.24,261.036872198524,13066485,1,1876,0
"8348",8348,0,1,670.601,168.029145849702,563007.0625,1,837,0
"8365",8365,0,1,651.594,492.192514084475,1870685.25,1,3727,0
"8371",8371,0,1,659.611,282.119512994559,5701933.5,1,0,0
"8389",8389,0,1,662.897,381.079321719372,788545.0625,1,0,0
"8395",8395,0,1,677.069,448.203808126667,725001,1,0,0
"8413",8413,0,1,670.601,667.229069041865,4224212,1,4108,0
"8431",8431,0,1,648.288,176.961485497579,1046579.6875,1,0,0
"8438",8438,0,1,653.24,468.249372319416,758648.1875,1,3598,0
"8464",8464,0,1,684.453,829.281442018172,1147783.375,1,0,0
"8465",8465,0,1,675.341,829.281526011268,704102.4375,1,4209,0
"8468",8468,0,1,631.008,129.065747453092,153556016,1,402,0
"8477",8477,0,1,661.265,505.17683233087,2158907,1,3771,0
"8489",8489,0,1,678.709,319.161262110175,3898063.75,1,2487,0
"8490",8490,0,1,681.224,424.203714445147,534591.875,1,0,0
"8559",8559,0,1,677.797,689.211089492329,4947225,1,4136,0
"8560",8560,0,1,684.453,851.263786325034,964256.75,1,4220,0
"8588",8588,0,1,662.897,527.158783404341,4126832.75,1,3862,0
"8643",8643,0,1,690.504,991.334252841085,629146.9375,1,4237,0
"8659",8659,0,1,643.583,146.092356360169,276967872,1,0,0
"8689",8689,0,1,685.668,846.308420655946,4525527.5,1,4215,0
"8715",8715,0,1,632.642,224.112792826556,15023603,1,1476,0
"8718",8718,0,1,677.069,649.218793179654,1745457.25,1,4083,0
"8722",8722,0,1,695.97,203.052605341105,1013768.4375,1,0,0
"8741",8741,0,1,677.069,684.255536247157,19628324,1,4130,0
"8745",8745,0,1,661.265,522.203137958133,27163474,1,3844,0
"8746",8746,0,1,678.709,522.202969949849,20574342,1,0,0
"8749",8749,0,1,667.733,487.165974824018,2822991,1,3699,0
"8770",8770,0,1,685.668,265.139281687707,1692135.375,1,0,0
"8771",8771,0,1,670.601,265.139313050324,1461656.5,1,1920,0
"8801",8801,0,1,695.2,139.002597653158,1038077,1,524,0
"8814",8814,0,1,711.122,295.149989759088,819392.8125,1,0,0
"8817",8817,0,1,695.2,147.028790137661,2382692.5,1,609,0
"8831",8831,0,1,669.199,109.028451370735,1103954,1,0,0
"8833",8833,0,1,680.462,109.02845519946,912524.6875,1,217,0
"8870",8870,0,1,677.797,504.192580483644,1469199.5,1,0,0
"8871",8871,0,1,695.2,175.023727608122,5290976,1,0,0
"8894",8894,0,1,694.444,256.030036501093,3739045.75,1,0,0
"8903",8903,0,1,661.265,325.112941806582,14152864,1,0,0
"8908",8908,0,1,613.791,183.086382404761,81158608,1,1018,0
"8910",8910,0,1,643.583,183.086346400214,6400098.5,1,0,0
"8918",8918,0,1,735.958,346.113272012865,825922.1875,1,0,0
"8933",8933,0,1,695.2,193.03430790548,6966493,1,0,0
"8952",8952,0,1,661.265,360.149844055958,93822816,1,2827,0
"9008",9008,0,1,649.935,395.290452486408,974765.625,1,3121,0
"9026",9026,0,1,752.355,251.149868028544,676839.0625,1,1766,0
"9063",9063,0,1,662.897,365.105394975521,9976825,1,0,0
"9066",9066,0,1,635.793,365.105398051024,4983917,1,0,0
"9081",9081,0,1,753.781,260.154814637277,1059368.875,1,1868,0
"9089",9089,0,1,711.122,499.224774231609,3661052.5,1,0,0
"9100",9100,0,1,736.9,279.499699815066,807385.3125,1,0,0
"9106",9106,0,1,646.7,379.295474463341,1270179.125,1,0,0
"9111",9111,0,1,674.858,97.0284373504851,4088911.75,1,112,0
"9119",9119,0,1,705.999,324.128959429764,779873.75,1,0,0
"9164",9164,0,1,677.069,85.0283899872905,3149857.5,1,56,0
"9168",9168,0,1,710.442,337.171596210533,21329618,1,0,0
"9169",9169,0,1,767.054,337.171670740783,545610.5625,1,0,0
"9199",9199,0,1,689.461,471.218597093393,3006765.25,1,0,0
"9200",9200,0,1,778.974,471.218596633681,1489204,1,0,0
"9201",9201,0,1,712.034,471.218612713577,1659527.75,1,3620,0
"9273",9273,0,1,804.316,90.0913578029828,4018483.25,1,83,0
"9283",9283,0,1,797.158,331.147524768562,1191732.375,1,2595,0
"9316",9316,0,1,677.069,342.139528514441,3136731.75,1,0,0
"9317",9317,0,1,711.122,342.139470176672,1420135.25,1,2689,0
"9486",9486,0,1,772.437,281.149439812692,1073718.125,1,2090,0
"9542",9542,0,1,605.942,258.110027950428,945565184,1,0,0
"9545",9545,0,1,752.355,284.155392918201,703434.3125,1,0,0
"9554",9554,0,1,802.325,284.155289411307,551632.25,1,0,0
"9607",9607,0,1,786.468,363.184416690445,542716.625,1,2858,0
"9640",9640,0,1,797.92,309.165467419506,23523934,1,0,0
"9642",9642,0,1,850.048,309.165545267084,779673.5,1,0,0
"9646",9646,0,1,840.099,179.128427279025,7122443.5,1,967,0
"9674",9674,0,1,769.163,294.16415444489,929693.875,1,0,0
"9712",9712,0,1,718.993,234.13351188794,2208417.5,1,1587,0
"9741",9741,0,1,880,193.131532466932,1181387,1,0,0
"9761",9761,0,1,844.161,194.102336080415,582550.1875,1,0,0
"9772",9772,0,1,843.28,175.144133490479,1596646.375,1,912,0
"9775",9775,0,1,863.382,236.149168754052,700036.375,1,1607,0
"9830",9830,0,1,881.627,227.158150689981,920947.875,1,0,0
"9833",9833,0,1,716.121,121.064797226353,3494834.75,1,0,0
"9849",9849,0,1,850.048,260.149155981226,541528.625,1,0,0
"9851",9851,0,1,746.432,293.160608254177,8478257,1,2233,0
"9853",9853,0,1,906.637,363.175764476349,1179510.375,1,0,0
"9933",9933,0,1,906.637,416.213890224848,752071.3125,1,3274,0
"9955",9955,0,1,843.28,190.107334301753,1288545.75,1,0,0
"9956",9956,0,1,696.637,198.097212089206,7653185,1,0,0
"9958",9958,0,1,646.7,198.097211118529,3510896.5,1,1191,0
"9959",9959,0,1,626.518,198.097179135361,2977721.5,1,0,0
"9960",9960,0,1,861.142,203.150278083635,26145794,1,0,0
"9964",9964,0,1,874.173,266.159623820713,22937244,1,0,0
"9977",9977,0,1,861.142,189.159690301078,51225032,1,0,0
"9982",9982,0,1,728.295,202.068590864509,2498414.25,1,0,0
"9992",9992,0,1,779.807,146.117531700626,29312748,1,0,0
"10011",10011,0,1,843.28,208.117946916215,5467658.5,1,0,0
"10015",10015,0,1,634.159,266.123134066805,408649216,1,0,0
"10023",10023,0,1,674.858,145.049548420343,5885095.5,1,584,0
"10024",10024,0,1,602.729,145.049568652541,4943804.5,1,0,0
"10025",10025,0,1,700.674,145.049550196644,1657262,1,0,0
"10033",10033,0,1,746.432,299.160798830812,1122291.25,1,2289,0
"10034",10034,0,1,618.534,299.160814604336,830189.3125,1,2292,0
"10040",10040,0,1,651.594,163.059992916449,2753746,1,0,0
"10047",10047,0,1,908.637,145.133534790029,1795618,1,0,0
"10048",10048,0,1,910.593,161.128426582665,1354174.75,1,0,0
"10054",10054,0,1,629.489,306.168637722465,2136452,1,0,0
"10055",10055,0,1,759.543,306.168635597101,2650857.25,1,2359,0
"10059",10059,0,1,674.858,127.038973071797,4547508.5,1,382,0
"10061",10061,0,1,700.674,127.03897639547,1450458.625,1,0,0
"10063",10063,0,1,645.093,130.097552277802,11763893,1,0,0
"10065",10065,0,1,684.453,130.097532111561,5082981.5,1,0,0
"10070",10070,0,1,648.288,372.189786580266,895499.5625,1,0,0
"10071",10071,0,1,747.674,372.189756757924,1124577.625,1,2927,0
"10074",10074,0,1,621.8,372.189663673005,767530.8125,1,2926,0
"10081",10081,0,1,875.819,142.097525780288,1097863.375,1,0,0
"10082",10082,0,1,910.593,142.097508603051,666848.5625,1,559,0
"10086",10086,0,1,799.431,234.076990080565,558244,1,0,0
"10094",10094,0,1,631.008,291.163201451698,6104394,1,0,0
"10108",10108,0,1,765.677,89.107308597632,557877.625,1,0,0
"10112",10112,0,1,780.563,180.101859274663,1050400.375,1,0,0
"10115",10115,0,1,627.898,251.160041309181,1132981.875,1,0,0
"10123",10123,0,1,746.911,276.157953575094,8708983,1,0,0
"10124",10124,0,1,624.875,276.157851160601,7417734.5,1,0,0
"10125",10125,0,1,648.288,276.157959347073,6890181,1,0,0
"10135",10135,0,1,718.993,162.076080862019,14473359,1,0,0
"10137",10137,0,1,718.369,166.122614427353,45724716,1,0,0
"10138",10138,0,1,698.222,166.122645710725,23915182,1,0,0
"10139",10139,0,1,725.433,180.086606164548,3929322.5,1,0,0
"10140",10140,0,1,917.991,180.086582605459,1416129,1,0,0
"10141",10141,0,1,602.729,180.086638263036,11406122,1,0,0
"10143",10143,0,1,669.199,180.086630942727,2581271.75,1,0,0
"10145",10145,0,1,769.163,180.086615363097,1101632.625,1,0,0
"10148",10148,0,1,629.489,180.086560691754,2001260.625,1,0,0
"10149",10149,0,1,679.983,180.086619969445,2058672.375,1,984,0
"10150",10150,0,1,699.274,180.08661059896,1532311.625,1,0,0
"10158",10158,0,1,735.337,212.095095476956,5524051.5,1,0,0
"10159",10159,0,1,553.849,212.095077923477,6241520,1,0,0
"10162",10162,0,1,661.265,146.081171946305,24283838,1,0,0
"10169",10169,0,1,938.289,319.149916193083,679370.625,1,0,0
"10171",10171,0,1,897.4,319.161119579934,9356907,1,0,0
"10172",10172,0,1,926.334,319.161063426678,2887712,1,2486,0
"10207",10207,0,1,945.904,186.123608614013,527310.1875,1,0,0
"10227",10227,0,1,942.634,244.176613782345,928763.125,1,1688,0
"10271",10271,0,1,953.81,455.213592014742,629708.5625,1,3542,0
"10289",10289,0,1,956.698,229.118234077711,836846.875,1,1525,0
"10408",10408,0,1,999.587,176.122249198807,835806.4375,1,0,0
"10409",10409,0,1,1007.73,176.122259299468,699311.875,1,0,0
"10425",10425,0,1,969.516,260.149150025422,798391.9375,1,0,0
"10437",10437,0,1,1009.2,308.145168642166,1013182.5,1,0,0
"10566",10566,0,1,915.857,251.138838946353,3979887.5,1,1763,0
"10592",10592,0,1,1115.47,244.140330221119,1466626.125,1,0,0
"10595",10595,0,1,1079.41,255.097359238514,2041717.625,1,0,0
"10621",10621,0,1,1123.21,228.145475069423,1009978.6875,1,1514,0
"10622",10622,0,1,1140.49,228.145483912655,552822.0625,1,0,0
"10626",10626,0,1,954.432,438.210914179195,719980.25,1,3432,0
"10905",10905,0,1,1000.17,175.118936076894,12532118,1,0,0
"10919",10919,0,1,1182.97,173.139696056322,8513772,1,0,0
"10921",10921,0,1,1167.92,173.139702719817,4408858,1,0,0
"10922",10922,0,1,1194.42,173.139697878265,7927734,1,893,0
"11229",11229,0,1,1157.64,254.160946651356,5475345.5,1,0,0
"11230",11230,0,1,1203.13,254.160953128379,1627021.5,1,0,0
"11232",11232,0,1,1187.4,254.160931414702,2985010.75,1,1792,0
"11234",11234,0,1,1215.38,254.160977049202,1010253,1,0,0
"11433",11433,0,1,626.518,97.9913306269446,716353.125,1,0,0
"11511",11511,0,1,626.518,123.040306809003,993831.875,1,0,0
"11512",11512,0,1,693.96,123.040319762359,1501246.5,1,349,0
"11579",11579,0,1,694.444,139.017887608429,942553.875,1,0,0
"11865",11865,0,1,935.529,104.106890320859,1023014912,1,0,0
"11866",11866,0,1,1053.49,104.106965605415,1409777.125,1,0,0
"11868",11868,0,1,998.711,104.106962619501,6580799,1,0,0
"11871",11871,0,1,1069.12,104.10696904286,916785.9375,1,0,0
"11942",11942,0,1,578.233,116.07049045042,2019955840,1,278,0
"11943",11943,0,1,620.156,116.070613169604,13951545,1,0,0
"12023",12023,0,1,784.049,131.129131624101,11373373,1,0,0
"12024",12024,0,1,978.057,131.129121168811,9120622,1,0,0
"12025",12025,0,1,1141.92,131.129119078391,7084442.5,1,434,0
"12027",12027,0,1,1054.38,131.129117608094,8060679.5,1,0,0
"12028",12028,0,1,1237.86,131.129119647066,6161905.5,1,0,0
"12029",12029,0,1,624.875,131.12912977261,4592082.5,1,0,0
"12030",12030,0,1,883.003,131.129126889677,10098979,1,0,0
"12031",12031,0,1,1086.38,131.12912586734,7749770,1,0,0
"12032",12032,0,1,1175.55,131.1291238315,7016245,1,0,0
"12034",12034,0,1,1117.09,131.129123356688,7516993,1,0,0
"12036",12036,0,1,1007.14,131.12912436104,8686838,1,0,0
"12038",12038,0,1,1201.99,131.12912269382,5959806.5,1,0,0
"12039",12039,0,1,1069.6,131.129122129754,7787510,1,0,0
"12040",12040,0,1,1024.57,131.129119837508,7760732,1,433,0
"12041",12041,0,1,1034.78,131.1291234407,7825979.5,1,0,0
"12043",12043,0,1,1131.44,131.129122186791,6998306,1,0,0
"12047",12047,0,1,1220.08,131.129121526386,6067156,1,0,0
"12228",12228,0,1,921.669,162.076061604781,1145033.75,1,0,0
"12231",12231,0,1,983.811,162.076055910218,575966.125,1,0,0
"12236",12236,0,1,953.81,162.076027694461,723322.625,1,778,0
"12247",12247,0,1,966.08,162.076055132959,620921.5625,1,0,0
"12284",12284,0,1,975.596,169.097135828934,629122.6875,1,0,0
"12370",12370,0,1,1105.56,180.1382353835,1908563.75,1,0,0
"12377",12377,0,1,1157.19,180.138242986501,623688.4375,1,0,0
"12389",12389,0,1,1142.54,180.138244882841,896651,1,0,0
"12391",12391,0,1,1069.97,180.138233628547,2582097,1,0,0
